panel,curve,t_s_after_0121,value
normal_acceleration,ink_bottom,1.449,0.9631
normal_acceleration,ink_top,1.449,0.9939
normal_acceleration,ink_bottom,2.067,0.9631
normal_acceleration,ink_top,2.067,0.9939
normal_acceleration,ink_bottom,2.686,0.9631
normal_acceleration,ink_top,2.686,0.9939
normal_acceleration,ink_bottom,3.304,0.9477
normal_acceleration,ink_top,3.304,0.9785
normal_acceleration,ink_bottom,3.922,0.9477
normal_acceleration,ink_top,3.922,0.9631
normal_acceleration,ink_bottom,4.541,0.9477
normal_acceleration,ink_top,4.541,0.9785
normal_acceleration,ink_bottom,5.159,0.9631
normal_acceleration,ink_top,5.159,0.9785
normal_acceleration,ink_bottom,5.777,0.9631
normal_acceleration,ink_top,5.777,0.9785
normal_acceleration,ink_bottom,6.396,0.9477
normal_acceleration,ink_top,6.396,0.9631
normal_acceleration,ink_bottom,7.014,0.9477
normal_acceleration,ink_top,7.014,0.9631
normal_acceleration,ink_bottom,7.633,0.9477
normal_acceleration,ink_top,7.633,0.9631
normal_acceleration,ink_bottom,8.251,0.9477
normal_acceleration,ink_top,8.251,0.9785
normal_acceleration,ink_bottom,8.869,0.9477
normal_acceleration,ink_top,8.869,0.9785
normal_acceleration,ink_bottom,9.488,0.9631
normal_acceleration,ink_top,9.488,0.9785
normal_acceleration,ink_bottom,10.106,0.9631
normal_acceleration,ink_top,10.106,0.9785
normal_acceleration,ink_bottom,10.724,0.9631
normal_acceleration,ink_top,10.724,0.9785
normal_acceleration,ink_bottom,11.343,0.9631
normal_acceleration,ink_top,11.343,0.9785
normal_acceleration,ink_bottom,11.961,0.9631
normal_acceleration,ink_top,11.961,0.9785
normal_acceleration,ink_bottom,12.580,0.9631
normal_acceleration,ink_top,12.580,0.9785
normal_acceleration,ink_bottom,13.198,0.9631
normal_acceleration,ink_top,13.198,0.9631
normal_acceleration,ink_bottom,13.816,0.9477
normal_acceleration,ink_top,13.816,0.9631
normal_acceleration,ink_bottom,14.435,0.9477
normal_acceleration,ink_top,14.435,0.9785
normal_acceleration,ink_bottom,15.053,0.9631
normal_acceleration,ink_top,15.053,0.9939
normal_acceleration,ink_bottom,15.671,0.9631
normal_acceleration,ink_top,15.671,0.9939
normal_acceleration,ink_bottom,16.290,0.9785
normal_acceleration,ink_top,16.290,0.9939
normal_acceleration,ink_bottom,16.908,0.9785
normal_acceleration,ink_top,16.908,0.9939
normal_acceleration,ink_bottom,17.527,0.9631
normal_acceleration,ink_top,17.527,0.9785
normal_acceleration,ink_bottom,18.145,0.9631
normal_acceleration,ink_top,18.145,0.9785
normal_acceleration,ink_bottom,18.763,0.9631
normal_acceleration,ink_top,18.763,0.9785
normal_acceleration,ink_bottom,19.382,0.9631
normal_acceleration,ink_top,19.382,0.9785
normal_acceleration,ink_bottom,20.000,0.9631
normal_acceleration,ink_top,20.000,0.9785
normal_acceleration,ink_bottom,20.618,0.9631
normal_acceleration,ink_top,20.618,0.9785
normal_acceleration,ink_bottom,21.237,0.9631
normal_acceleration,ink_top,21.237,0.9785
normal_acceleration,ink_bottom,21.855,0.9631
normal_acceleration,ink_top,21.855,0.9785
normal_acceleration,ink_bottom,22.473,0.9631
normal_acceleration,ink_top,22.473,0.9785
normal_acceleration,ink_bottom,23.092,0.9631
normal_acceleration,ink_top,23.092,0.9785
normal_acceleration,ink_bottom,23.710,0.9477
normal_acceleration,ink_top,23.710,0.9785
normal_acceleration,ink_bottom,24.329,0.9477
normal_acceleration,ink_top,24.329,0.9785
normal_acceleration,ink_bottom,24.947,0.9631
normal_acceleration,ink_top,24.947,0.9785
normal_acceleration,ink_bottom,25.565,0.9631
normal_acceleration,ink_top,25.565,0.9785
normal_acceleration,ink_bottom,26.184,0.9631
normal_acceleration,ink_top,26.184,0.9785
normal_acceleration,ink_bottom,26.802,0.9631
normal_acceleration,ink_top,26.802,0.9785
normal_acceleration,ink_bottom,27.420,0.9631
normal_acceleration,ink_top,27.420,0.9785
normal_acceleration,ink_bottom,28.039,0.9631
normal_acceleration,ink_top,28.039,0.9785
normal_acceleration,ink_bottom,28.657,0.9477
normal_acceleration,ink_top,28.657,0.9631
normal_acceleration,ink_bottom,29.276,0.9477
normal_acceleration,ink_top,29.276,0.9631
normal_acceleration,ink_bottom,29.894,0.9477
normal_acceleration,ink_top,29.894,0.9785
normal_acceleration,ink_bottom,30.512,0.9631
normal_acceleration,ink_top,30.512,0.9785
normal_acceleration,ink_bottom,31.131,0.9631
normal_acceleration,ink_top,31.131,0.9785
normal_acceleration,ink_bottom,31.749,0.9631
normal_acceleration,ink_top,31.749,0.9785
normal_acceleration,ink_bottom,32.367,0.9631
normal_acceleration,ink_top,32.367,0.9631
normal_acceleration,ink_bottom,32.986,0.9477
normal_acceleration,ink_top,32.986,0.9631
normal_acceleration,ink_bottom,33.604,0.9631
normal_acceleration,ink_top,33.604,0.9631
normal_acceleration,ink_bottom,34.223,0.9631
normal_acceleration,ink_top,34.223,0.9631
normal_acceleration,ink_bottom,34.841,0.9477
normal_acceleration,ink_top,34.841,0.9631
normal_acceleration,ink_bottom,35.459,0.9477
normal_acceleration,ink_top,35.459,0.9631
normal_acceleration,ink_bottom,36.078,0.9477
normal_acceleration,ink_top,36.078,0.9631
normal_acceleration,ink_bottom,36.696,0.9477
normal_acceleration,ink_top,36.696,0.9631
normal_acceleration,ink_bottom,37.314,0.9477
normal_acceleration,ink_top,37.314,0.9631
normal_acceleration,ink_bottom,37.933,0.9477
normal_acceleration,ink_top,37.933,0.9631
normal_acceleration,ink_bottom,38.551,0.9631
normal_acceleration,ink_top,38.551,0.9785
normal_acceleration,ink_bottom,39.170,0.9631
normal_acceleration,ink_top,39.170,0.9785
normal_acceleration,ink_bottom,39.788,0.9631
normal_acceleration,ink_top,39.788,0.9785
normal_acceleration,ink_bottom,40.406,0.9631
normal_acceleration,ink_top,40.406,0.9785
normal_acceleration,ink_bottom,41.025,0.9631
normal_acceleration,ink_top,41.025,0.9785
normal_acceleration,ink_bottom,41.643,0.9631
normal_acceleration,ink_top,41.643,0.9785
normal_acceleration,ink_bottom,42.261,0.9631
normal_acceleration,ink_top,42.261,0.9785
normal_acceleration,ink_bottom,42.880,0.9631
normal_acceleration,ink_top,42.880,0.9785
normal_acceleration,ink_bottom,43.498,0.9631
normal_acceleration,ink_top,43.498,0.9631
normal_acceleration,ink_bottom,44.117,0.9631
normal_acceleration,ink_top,44.117,0.9631
normal_acceleration,ink_bottom,44.735,0.9631
normal_acceleration,ink_top,44.735,0.9631
normal_acceleration,ink_bottom,45.353,0.9477
normal_acceleration,ink_top,45.353,0.9631
normal_acceleration,ink_bottom,45.972,0.9477
normal_acceleration,ink_top,45.972,0.9631
normal_acceleration,ink_bottom,46.590,0.9477
normal_acceleration,ink_top,46.590,0.9631
normal_acceleration,ink_bottom,47.208,0.9477
normal_acceleration,ink_top,47.208,0.9631
normal_acceleration,ink_bottom,47.827,0.9477
normal_acceleration,ink_top,47.827,0.9631
normal_acceleration,ink_bottom,48.445,0.9477
normal_acceleration,ink_top,48.445,0.9785
normal_acceleration,ink_bottom,49.064,0.9631
normal_acceleration,ink_top,49.064,0.9785
normal_acceleration,ink_bottom,49.682,0.9631
normal_acceleration,ink_top,49.682,0.9939
normal_acceleration,ink_bottom,50.300,0.9785
normal_acceleration,ink_top,50.300,0.9939
normal_acceleration,ink_bottom,50.919,0.9785
normal_acceleration,ink_top,50.919,0.9939
normal_acceleration,ink_bottom,51.537,0.9785
normal_acceleration,ink_top,51.537,0.9939
normal_acceleration,ink_bottom,52.155,0.9785
normal_acceleration,ink_top,52.155,0.9939
normal_acceleration,ink_bottom,52.774,0.9785
normal_acceleration,ink_top,52.774,0.9939
normal_acceleration,ink_bottom,53.392,0.9785
normal_acceleration,ink_top,53.392,0.9939
normal_acceleration,ink_bottom,54.011,0.9785
normal_acceleration,ink_top,54.011,0.9939
normal_acceleration,ink_bottom,54.629,0.9631
normal_acceleration,ink_top,54.629,0.9785
normal_acceleration,ink_bottom,55.247,0.9631
normal_acceleration,ink_top,55.247,0.9785
normal_acceleration,ink_bottom,55.866,0.9631
normal_acceleration,ink_top,55.866,0.9785
normal_acceleration,ink_bottom,56.484,0.9631
normal_acceleration,ink_top,56.484,0.9785
normal_acceleration,ink_bottom,57.102,0.9631
normal_acceleration,ink_top,57.102,0.9785
normal_acceleration,ink_bottom,57.721,0.9631
normal_acceleration,ink_top,57.721,0.9785
normal_acceleration,ink_bottom,58.339,0.9631
normal_acceleration,ink_top,58.339,0.9631
normal_acceleration,ink_bottom,58.958,0.9631
normal_acceleration,ink_top,58.958,0.9785
normal_acceleration,ink_bottom,59.576,0.9631
normal_acceleration,ink_top,59.576,0.9785
normal_acceleration,ink_bottom,60.194,0.9631
normal_acceleration,ink_top,60.194,0.9785
normal_acceleration,ink_bottom,60.813,0.9785
normal_acceleration,ink_top,60.813,0.9785
normal_acceleration,ink_bottom,61.431,0.9785
normal_acceleration,ink_top,61.431,0.9939
normal_acceleration,ink_bottom,62.049,0.9785
normal_acceleration,ink_top,62.049,0.9939
normal_acceleration,ink_bottom,62.668,0.9785
normal_acceleration,ink_top,62.668,0.9939
normal_acceleration,ink_bottom,63.286,0.9785
normal_acceleration,ink_top,63.286,0.9939
normal_acceleration,ink_bottom,63.905,0.9785
normal_acceleration,ink_top,63.905,0.9939
normal_acceleration,ink_bottom,64.523,0.9785
normal_acceleration,ink_top,64.523,0.9939
normal_acceleration,ink_bottom,65.141,0.9785
normal_acceleration,ink_top,65.141,0.9939
normal_acceleration,ink_bottom,65.760,0.9785
normal_acceleration,ink_top,65.760,0.9939
normal_acceleration,ink_bottom,66.378,0.9785
normal_acceleration,ink_top,66.378,0.9939
normal_acceleration,ink_bottom,66.996,0.9631
normal_acceleration,ink_top,66.996,0.9785
normal_acceleration,ink_bottom,67.615,0.9631
normal_acceleration,ink_top,67.615,0.9785
normal_acceleration,ink_bottom,68.233,0.9631
normal_acceleration,ink_top,68.233,0.9785
normal_acceleration,ink_bottom,68.852,0.9631
normal_acceleration,ink_top,68.852,0.9785
normal_acceleration,ink_bottom,69.470,0.9631
normal_acceleration,ink_top,69.470,0.9785
normal_acceleration,ink_bottom,70.088,0.9631
normal_acceleration,ink_top,70.088,0.9785
normal_acceleration,ink_bottom,70.707,0.9631
normal_acceleration,ink_top,70.707,0.9785
normal_acceleration,ink_bottom,71.325,0.9631
normal_acceleration,ink_top,71.325,0.9785
normal_acceleration,ink_bottom,71.943,0.9631
normal_acceleration,ink_top,71.943,0.9785
normal_acceleration,ink_bottom,72.562,0.9631
normal_acceleration,ink_top,72.562,0.9785
normal_acceleration,ink_bottom,73.180,0.9631
normal_acceleration,ink_top,73.180,0.9785
normal_acceleration,ink_bottom,73.799,0.9631
normal_acceleration,ink_top,73.799,0.9785
normal_acceleration,ink_bottom,74.417,0.9631
normal_acceleration,ink_top,74.417,0.9785
normal_acceleration,ink_bottom,75.035,0.9631
normal_acceleration,ink_top,75.035,0.9785
normal_acceleration,ink_bottom,75.654,0.9631
normal_acceleration,ink_top,75.654,0.9785
normal_acceleration,ink_bottom,76.272,0.9631
normal_acceleration,ink_top,76.272,0.9785
normal_acceleration,ink_bottom,76.890,0.9631
normal_acceleration,ink_top,76.890,0.9785
normal_acceleration,ink_bottom,77.509,0.9631
normal_acceleration,ink_top,77.509,0.9631
normal_acceleration,ink_bottom,78.127,0.9477
normal_acceleration,ink_top,78.127,0.9631
normal_acceleration,ink_bottom,78.746,0.9477
normal_acceleration,ink_top,78.746,0.9631
normal_acceleration,ink_bottom,79.364,0.9477
normal_acceleration,ink_top,79.364,0.9631
normal_acceleration,ink_bottom,79.982,0.9477
normal_acceleration,ink_top,79.982,0.9631
normal_acceleration,ink_bottom,80.601,0.9631
normal_acceleration,ink_top,80.601,0.9631
normal_acceleration,ink_bottom,81.219,0.9631
normal_acceleration,ink_top,81.219,0.9785
normal_acceleration,ink_bottom,81.837,0.9631
normal_acceleration,ink_top,81.837,0.9785
normal_acceleration,ink_bottom,82.456,0.9631
normal_acceleration,ink_top,82.456,0.9785
normal_acceleration,ink_bottom,83.074,0.9631
normal_acceleration,ink_top,83.074,0.9785
normal_acceleration,ink_bottom,83.693,0.9631
normal_acceleration,ink_top,83.693,0.9785
normal_acceleration,ink_bottom,84.311,0.9631
normal_acceleration,ink_top,84.311,0.9785
normal_acceleration,ink_bottom,84.929,0.9631
normal_acceleration,ink_top,84.929,0.9785
normal_acceleration,ink_bottom,85.548,0.9631
normal_acceleration,ink_top,85.548,0.9785
normal_acceleration,ink_bottom,86.166,0.9631
normal_acceleration,ink_top,86.166,0.9785
normal_acceleration,ink_bottom,86.784,0.9631
normal_acceleration,ink_top,86.784,0.9785
normal_acceleration,ink_bottom,87.403,0.9631
normal_acceleration,ink_top,87.403,0.9631
normal_acceleration,ink_bottom,88.021,0.9631
normal_acceleration,ink_top,88.021,0.9631
normal_acceleration,ink_bottom,88.640,0.9477
normal_acceleration,ink_top,88.640,0.9631
normal_acceleration,ink_bottom,89.258,0.9477
normal_acceleration,ink_top,89.258,0.9631
normal_acceleration,ink_bottom,89.876,0.9477
normal_acceleration,ink_top,89.876,0.9631
normal_acceleration,ink_bottom,90.495,0.9477
normal_acceleration,ink_top,90.495,0.9631
normal_acceleration,ink_bottom,91.113,0.9477
normal_acceleration,ink_top,91.113,0.9631
normal_acceleration,ink_bottom,91.731,0.9631
normal_acceleration,ink_top,91.731,0.9631
normal_acceleration,ink_bottom,92.350,0.9631
normal_acceleration,ink_top,92.350,0.9631
normal_acceleration,ink_bottom,92.968,0.9631
normal_acceleration,ink_top,92.968,0.9785
normal_acceleration,ink_bottom,93.587,0.9631
normal_acceleration,ink_top,93.587,0.9785
normal_acceleration,ink_bottom,94.205,0.9631
normal_acceleration,ink_top,94.205,0.9785
normal_acceleration,ink_bottom,94.823,0.9631
normal_acceleration,ink_top,94.823,0.9785
normal_acceleration,ink_bottom,95.442,0.9631
normal_acceleration,ink_top,95.442,0.9785
normal_acceleration,ink_bottom,96.060,0.9631
normal_acceleration,ink_top,96.060,0.9785
normal_acceleration,ink_bottom,96.678,0.9631
normal_acceleration,ink_top,96.678,0.9785
normal_acceleration,ink_bottom,97.297,0.9631
normal_acceleration,ink_top,97.297,0.9785
normal_acceleration,ink_bottom,97.915,0.9631
normal_acceleration,ink_top,97.915,0.9785
normal_acceleration,ink_bottom,98.534,0.9477
normal_acceleration,ink_top,98.534,0.9631
normal_acceleration,ink_bottom,99.152,0.9477
normal_acceleration,ink_top,99.152,0.9631
normal_acceleration,ink_bottom,99.770,0.9477
normal_acceleration,ink_top,99.770,0.9631
normal_acceleration,ink_bottom,100.389,0.9477
normal_acceleration,ink_top,100.389,0.9631
normal_acceleration,ink_bottom,101.007,0.9477
normal_acceleration,ink_top,101.007,0.9631
normal_acceleration,ink_bottom,101.625,0.9477
normal_acceleration,ink_top,101.625,0.9631
normal_acceleration,ink_bottom,102.244,0.9631
normal_acceleration,ink_top,102.244,0.9785
normal_acceleration,ink_bottom,102.862,0.9631
normal_acceleration,ink_top,102.862,0.9785
normal_acceleration,ink_bottom,103.481,0.9631
normal_acceleration,ink_top,103.481,0.9785
normal_acceleration,ink_bottom,104.099,0.9631
normal_acceleration,ink_top,104.099,0.9785
normal_acceleration,ink_bottom,104.717,0.9631
normal_acceleration,ink_top,104.717,0.9785
normal_acceleration,ink_bottom,105.336,0.9785
normal_acceleration,ink_top,105.336,0.9939
normal_acceleration,ink_bottom,105.954,0.9785
normal_acceleration,ink_top,105.954,0.9939
normal_acceleration,ink_bottom,106.572,0.9631
normal_acceleration,ink_top,106.572,0.9785
normal_acceleration,ink_bottom,107.191,0.9631
normal_acceleration,ink_top,107.191,0.9785
normal_acceleration,ink_bottom,107.809,0.9477
normal_acceleration,ink_top,107.809,0.9785
normal_acceleration,ink_bottom,108.428,0.9477
normal_acceleration,ink_top,108.428,0.9785
normal_acceleration,ink_bottom,109.046,0.9477
normal_acceleration,ink_top,109.046,0.9631
normal_acceleration,ink_bottom,109.664,0.9477
normal_acceleration,ink_top,109.664,0.9631
normal_acceleration,ink_bottom,110.283,0.9477
normal_acceleration,ink_top,110.283,0.9631
normal_acceleration,ink_bottom,110.901,0.9631
normal_acceleration,ink_top,110.901,0.9785
normal_acceleration,ink_bottom,111.519,0.9631
normal_acceleration,ink_top,111.519,0.9785
normal_acceleration,ink_bottom,112.138,0.9785
normal_acceleration,ink_top,112.138,0.9785
normal_acceleration,ink_bottom,112.756,0.9785
normal_acceleration,ink_top,112.756,0.9939
normal_acceleration,ink_bottom,113.375,0.9785
normal_acceleration,ink_top,113.375,0.9939
normal_acceleration,ink_bottom,113.993,0.9785
normal_acceleration,ink_top,113.993,0.9939
normal_acceleration,ink_bottom,114.611,0.9785
normal_acceleration,ink_top,114.611,0.9939
normal_acceleration,ink_bottom,115.230,0.9785
normal_acceleration,ink_top,115.230,0.9939
normal_acceleration,ink_bottom,115.848,0.9631
normal_acceleration,ink_top,115.848,0.9785
normal_acceleration,ink_bottom,116.466,0.9631
normal_acceleration,ink_top,116.466,0.9785
normal_acceleration,ink_bottom,117.085,0.9631
normal_acceleration,ink_top,117.085,0.9785
normal_acceleration,ink_bottom,117.703,0.9631
normal_acceleration,ink_top,117.703,0.9785
normal_acceleration,ink_bottom,118.322,0.9631
normal_acceleration,ink_top,118.322,0.9631
normal_acceleration,ink_bottom,118.940,0.9631
normal_acceleration,ink_top,118.940,0.9631
normal_acceleration,ink_bottom,119.558,0.9477
normal_acceleration,ink_top,119.558,0.9631
normal_acceleration,ink_bottom,120.177,0.9477
normal_acceleration,ink_top,120.177,0.9631
normal_acceleration,ink_bottom,120.795,0.9631
normal_acceleration,ink_top,120.795,0.9785
normal_acceleration,ink_bottom,121.413,0.9631
normal_acceleration,ink_top,121.413,0.9785
normal_acceleration,ink_bottom,122.032,0.9631
normal_acceleration,ink_top,122.032,0.9785
normal_acceleration,ink_bottom,122.650,0.9785
normal_acceleration,ink_top,122.650,0.9785
normal_acceleration,ink_bottom,123.269,0.9785
normal_acceleration,ink_top,123.269,0.9939
normal_acceleration,ink_bottom,123.887,0.9785
normal_acceleration,ink_top,123.887,0.9939
normal_acceleration,ink_bottom,124.505,0.9785
normal_acceleration,ink_top,124.505,0.9939
normal_acceleration,ink_bottom,125.124,0.9785
normal_acceleration,ink_top,125.124,0.9939
normal_acceleration,ink_bottom,125.742,0.9785
normal_acceleration,ink_top,125.742,0.9939
normal_acceleration,ink_bottom,126.360,0.9785
normal_acceleration,ink_top,126.360,0.9785
normal_acceleration,ink_bottom,126.979,0.9631
normal_acceleration,ink_top,126.979,0.9785
normal_acceleration,ink_bottom,127.597,0.9631
normal_acceleration,ink_top,127.597,0.9785
normal_acceleration,ink_bottom,128.216,0.9631
normal_acceleration,ink_top,128.216,0.9785
normal_acceleration,ink_bottom,128.834,0.9785
normal_acceleration,ink_top,128.834,0.9785
normal_acceleration,ink_bottom,129.452,0.9785
normal_acceleration,ink_top,129.452,0.9785
normal_acceleration,ink_bottom,130.071,0.9631
normal_acceleration,ink_top,130.071,0.9785
normal_acceleration,ink_bottom,130.689,0.9631
normal_acceleration,ink_top,130.689,0.9785
normal_acceleration,ink_bottom,131.307,0.9631
normal_acceleration,ink_top,131.307,0.9785
normal_acceleration,ink_bottom,131.926,0.9631
normal_acceleration,ink_top,131.926,0.9785
normal_acceleration,ink_bottom,132.544,0.9631
normal_acceleration,ink_top,132.544,0.9785
normal_acceleration,ink_bottom,133.163,0.9631
normal_acceleration,ink_top,133.163,0.9631
normal_acceleration,ink_bottom,133.781,0.9631
normal_acceleration,ink_top,133.781,0.9785
normal_acceleration,ink_bottom,134.399,0.9631
normal_acceleration,ink_top,134.399,0.9785
normal_acceleration,ink_bottom,135.018,0.9631
normal_acceleration,ink_top,135.018,0.9785
normal_acceleration,ink_bottom,135.636,0.9785
normal_acceleration,ink_top,135.636,0.9939
normal_acceleration,ink_bottom,136.254,0.9785
normal_acceleration,ink_top,136.254,0.9939
normal_acceleration,ink_bottom,136.873,0.9785
normal_acceleration,ink_top,136.873,0.9939
normal_acceleration,ink_bottom,137.491,0.9785
normal_acceleration,ink_top,137.491,0.9939
normal_acceleration,ink_bottom,138.110,0.9631
normal_acceleration,ink_top,138.110,0.9939
normal_acceleration,ink_bottom,138.728,0.9631
normal_acceleration,ink_top,138.728,0.9785
normal_acceleration,ink_bottom,139.346,0.9631
normal_acceleration,ink_top,139.346,0.9785
normal_acceleration,ink_bottom,139.965,0.9631
normal_acceleration,ink_top,139.965,0.9631
normal_acceleration,ink_bottom,140.583,0.9477
normal_acceleration,ink_top,140.583,0.9631
normal_acceleration,ink_bottom,141.201,0.9477
normal_acceleration,ink_top,141.201,0.9631
normal_acceleration,ink_bottom,141.820,0.9477
normal_acceleration,ink_top,141.820,0.9631
normal_acceleration,ink_bottom,142.438,0.9477
normal_acceleration,ink_top,142.438,0.9631
normal_acceleration,ink_bottom,143.057,0.9477
normal_acceleration,ink_top,143.057,0.9631
normal_acceleration,ink_bottom,143.675,0.9477
normal_acceleration,ink_top,143.675,0.9631
normal_acceleration,ink_bottom,144.293,0.9631
normal_acceleration,ink_top,144.293,0.9631
normal_acceleration,ink_bottom,144.912,0.9631
normal_acceleration,ink_top,144.912,0.9785
normal_acceleration,ink_bottom,145.530,0.9631
normal_acceleration,ink_top,145.530,0.9785
normal_acceleration,ink_bottom,146.148,0.9631
normal_acceleration,ink_top,146.148,0.9939
normal_acceleration,ink_bottom,146.767,0.9785
normal_acceleration,ink_top,146.767,0.9939
normal_acceleration,ink_bottom,147.385,0.9785
normal_acceleration,ink_top,147.385,0.9939
normal_acceleration,ink_bottom,148.004,0.9785
normal_acceleration,ink_top,148.004,0.9939
normal_acceleration,ink_bottom,148.622,0.9785
normal_acceleration,ink_top,148.622,1.0092
normal_acceleration,ink_bottom,149.240,0.9785
normal_acceleration,ink_top,149.240,1.0092
normal_acceleration,ink_bottom,149.859,0.9785
normal_acceleration,ink_top,149.859,0.9939
normal_acceleration,ink_bottom,150.477,0.9785
normal_acceleration,ink_top,150.477,0.9939
normal_acceleration,ink_bottom,151.095,0.9785
normal_acceleration,ink_top,151.095,0.9939
normal_acceleration,ink_bottom,151.714,0.9785
normal_acceleration,ink_top,151.714,0.9939
normal_acceleration,ink_bottom,152.332,0.9785
normal_acceleration,ink_top,152.332,0.9939
normal_acceleration,ink_bottom,152.951,0.9785
normal_acceleration,ink_top,152.951,0.9939
normal_acceleration,ink_bottom,153.569,0.9785
normal_acceleration,ink_top,153.569,0.9939
normal_acceleration,ink_bottom,154.187,0.9631
normal_acceleration,ink_top,154.187,0.9785
normal_acceleration,ink_bottom,154.806,0.9631
normal_acceleration,ink_top,154.806,0.9785
normal_acceleration,ink_bottom,155.424,0.9631
normal_acceleration,ink_top,155.424,0.9785
normal_acceleration,ink_bottom,156.042,0.9631
normal_acceleration,ink_top,156.042,0.9785
normal_acceleration,ink_bottom,156.661,0.9631
normal_acceleration,ink_top,156.661,0.9785
normal_acceleration,ink_bottom,157.279,0.9631
normal_acceleration,ink_top,157.279,0.9785
normal_acceleration,ink_bottom,157.898,0.9785
normal_acceleration,ink_top,157.898,0.9939
normal_acceleration,ink_bottom,158.516,0.9785
normal_acceleration,ink_top,158.516,0.9939
normal_acceleration,ink_bottom,159.134,0.9785
normal_acceleration,ink_top,159.134,0.9939
normal_acceleration,ink_bottom,159.753,0.9785
normal_acceleration,ink_top,159.753,0.9939
normal_acceleration,ink_bottom,160.371,0.9785
normal_acceleration,ink_top,160.371,0.9939
normal_acceleration,ink_bottom,160.989,0.9785
normal_acceleration,ink_top,160.989,0.9939
normal_acceleration,ink_bottom,161.608,0.9785
normal_acceleration,ink_top,161.608,0.9939
normal_acceleration,ink_bottom,162.226,0.9785
normal_acceleration,ink_top,162.226,0.9939
normal_acceleration,ink_bottom,162.845,0.9785
normal_acceleration,ink_top,162.845,0.9939
normal_acceleration,ink_bottom,163.463,0.9785
normal_acceleration,ink_top,163.463,0.9785
normal_acceleration,ink_bottom,164.081,0.9631
normal_acceleration,ink_top,164.081,0.9785
normal_acceleration,ink_bottom,164.700,0.9631
normal_acceleration,ink_top,164.700,0.9785
normal_acceleration,ink_bottom,165.318,0.9631
normal_acceleration,ink_top,165.318,0.9785
normal_acceleration,ink_bottom,165.936,0.9785
normal_acceleration,ink_top,165.936,0.9939
normal_acceleration,ink_bottom,166.555,0.9785
normal_acceleration,ink_top,166.555,0.9939
normal_acceleration,ink_bottom,167.173,0.9785
normal_acceleration,ink_top,167.173,0.9939
normal_acceleration,ink_bottom,167.792,0.9785
normal_acceleration,ink_top,167.792,0.9939
normal_acceleration,ink_bottom,168.410,0.9785
normal_acceleration,ink_top,168.410,0.9939
normal_acceleration,ink_bottom,169.028,0.9785
normal_acceleration,ink_top,169.028,0.9939
normal_acceleration,ink_bottom,169.647,0.9785
normal_acceleration,ink_top,169.647,0.9939
normal_acceleration,ink_bottom,170.265,0.9785
normal_acceleration,ink_top,170.265,0.9939
normal_acceleration,ink_bottom,170.883,0.9631
normal_acceleration,ink_top,170.883,0.9785
normal_acceleration,ink_bottom,171.502,0.9631
normal_acceleration,ink_top,171.502,0.9785
normal_acceleration,ink_bottom,172.120,0.9631
normal_acceleration,ink_top,172.120,0.9785
normal_acceleration,ink_bottom,172.739,0.9631
normal_acceleration,ink_top,172.739,0.9785
normal_acceleration,ink_bottom,173.357,0.9631
normal_acceleration,ink_top,173.357,0.9785
normal_acceleration,ink_bottom,173.975,0.9631
normal_acceleration,ink_top,173.975,0.9785
normal_acceleration,ink_bottom,174.594,0.9631
normal_acceleration,ink_top,174.594,0.9631
normal_acceleration,ink_bottom,175.212,0.9631
normal_acceleration,ink_top,175.212,0.9631
normal_acceleration,ink_bottom,175.830,0.9631
normal_acceleration,ink_top,175.830,0.9631
normal_acceleration,ink_bottom,176.449,0.9631
normal_acceleration,ink_top,176.449,0.9785
normal_acceleration,ink_bottom,177.067,0.9631
normal_acceleration,ink_top,177.067,0.9785
normal_acceleration,ink_bottom,177.686,0.9631
normal_acceleration,ink_top,177.686,0.9785
normal_acceleration,ink_bottom,178.304,0.9785
normal_acceleration,ink_top,178.304,0.9785
normal_acceleration,ink_bottom,178.922,0.9785
normal_acceleration,ink_top,178.922,0.9939
normal_acceleration,ink_bottom,179.541,0.9785
normal_acceleration,ink_top,179.541,0.9939
normal_acceleration,ink_bottom,180.159,0.9785
normal_acceleration,ink_top,180.159,0.9939
normal_acceleration,ink_bottom,180.777,0.9785
normal_acceleration,ink_top,180.777,0.9939
normal_acceleration,ink_bottom,181.396,0.9785
normal_acceleration,ink_top,181.396,0.9939
normal_acceleration,ink_bottom,182.014,0.9939
normal_acceleration,ink_top,182.014,0.9939
normal_acceleration,ink_bottom,182.633,0.9939
normal_acceleration,ink_top,182.633,1.0092
normal_acceleration,ink_bottom,183.251,0.9939
normal_acceleration,ink_top,183.251,1.0092
normal_acceleration,ink_bottom,183.869,0.9939
normal_acceleration,ink_top,183.869,1.0092
normal_acceleration,ink_bottom,184.488,0.9939
normal_acceleration,ink_top,184.488,1.0092
normal_acceleration,ink_bottom,185.106,0.9939
normal_acceleration,ink_top,185.106,1.0092
normal_acceleration,ink_bottom,185.724,0.9939
normal_acceleration,ink_top,185.724,1.0092
normal_acceleration,ink_bottom,186.343,0.9939
normal_acceleration,ink_top,186.343,1.0092
normal_acceleration,ink_bottom,186.961,0.9939
normal_acceleration,ink_top,186.961,1.0092
normal_acceleration,ink_bottom,187.580,0.9939
normal_acceleration,ink_top,187.580,1.0092
normal_acceleration,ink_bottom,188.198,0.9939
normal_acceleration,ink_top,188.198,1.0092
normal_acceleration,ink_bottom,188.816,0.9939
normal_acceleration,ink_top,188.816,0.9939
normal_acceleration,ink_bottom,189.435,0.9785
normal_acceleration,ink_top,189.435,0.9939
normal_acceleration,ink_bottom,190.053,0.9785
normal_acceleration,ink_top,190.053,0.9939
normal_acceleration,ink_bottom,190.671,0.9631
normal_acceleration,ink_top,190.671,0.9785
normal_acceleration,ink_bottom,191.290,0.9631
normal_acceleration,ink_top,191.290,0.9785
normal_acceleration,ink_bottom,191.908,0.9631
normal_acceleration,ink_top,191.908,0.9785
normal_acceleration,ink_bottom,192.527,0.9631
normal_acceleration,ink_top,192.527,0.9631
normal_acceleration,ink_bottom,193.145,0.9631
normal_acceleration,ink_top,193.145,0.9631
normal_acceleration,ink_bottom,193.763,0.9631
normal_acceleration,ink_top,193.763,0.9631
normal_acceleration,ink_bottom,194.382,0.9477
normal_acceleration,ink_top,194.382,0.9631
normal_acceleration,ink_bottom,195.000,0.9477
normal_acceleration,ink_top,195.000,0.9631
normal_acceleration,ink_bottom,195.618,0.9477
normal_acceleration,ink_top,195.618,0.9631
normal_acceleration,ink_bottom,196.237,0.9477
normal_acceleration,ink_top,196.237,0.9631
normal_acceleration,ink_bottom,196.855,0.9477
normal_acceleration,ink_top,196.855,0.9477
normal_acceleration,ink_bottom,197.473,0.9477
normal_acceleration,ink_top,197.473,0.9631
normal_acceleration,ink_bottom,198.092,0.9477
normal_acceleration,ink_top,198.092,0.9631
normal_acceleration,ink_bottom,198.710,0.9324
normal_acceleration,ink_top,198.710,0.9631
normal_acceleration,ink_bottom,199.329,0.8862
normal_acceleration,ink_top,199.329,0.9631
normal_acceleration,ink_bottom,199.947,0.8709
normal_acceleration,ink_top,199.947,0.9477
normal_acceleration,ink_bottom,200.565,0.8555
normal_acceleration,ink_top,200.565,0.9324
normal_acceleration,ink_bottom,201.184,0.8709
normal_acceleration,ink_top,201.184,0.9324
normal_acceleration,ink_bottom,201.802,0.9016
normal_acceleration,ink_top,201.802,0.9477
normal_acceleration,ink_bottom,202.420,0.9016
normal_acceleration,ink_top,202.420,0.9477
normal_acceleration,ink_bottom,203.039,0.9016
normal_acceleration,ink_top,203.039,0.9324
normal_acceleration,ink_bottom,203.657,0.9016
normal_acceleration,ink_top,203.657,0.9477
normal_acceleration,ink_bottom,204.276,0.9170
normal_acceleration,ink_top,204.276,0.9785
normal_acceleration,ink_bottom,204.894,0.9170
normal_acceleration,ink_top,204.894,0.9785
normal_acceleration,ink_bottom,205.512,0.9170
normal_acceleration,ink_top,205.512,1.0553
normal_acceleration,ink_bottom,206.131,0.9324
normal_acceleration,ink_top,206.131,1.2706
normal_acceleration,ink_bottom,206.749,0.9631
normal_acceleration,ink_top,206.749,1.7164
normal_acceleration,ink_bottom,207.367,0.7940
normal_acceleration,ink_top,207.367,1.7317
normal_acceleration,ink_bottom,207.986,0.3636
normal_acceleration,ink_top,207.986,1.7317
normal_acceleration,ink_bottom,208.604,-0.0054
normal_acceleration,ink_top,208.604,1.5473
normal_acceleration,ink_bottom,209.223,-0.0208
normal_acceleration,ink_top,209.223,1.5012
normal_acceleration,ink_bottom,209.841,-0.0054
normal_acceleration,ink_top,209.841,1.5473
normal_acceleration,ink_bottom,210.459,0.9631
normal_acceleration,ink_top,210.459,1.6395
normal_acceleration,ink_bottom,211.078,1.3013
normal_acceleration,ink_top,211.078,1.6395
normal_acceleration,ink_bottom,211.696,1.3013
normal_acceleration,ink_top,211.696,1.6241
normal_acceleration,ink_bottom,212.314,0.6556
normal_acceleration,ink_top,212.314,1.5319
normal_acceleration,ink_bottom,212.933,-0.9585
normal_acceleration,ink_top,212.933,1.3935
normal_acceleration,ink_bottom,213.551,-0.9585
normal_acceleration,ink_top,213.551,1.3935
normal_acceleration,ink_bottom,214.170,-0.9585
normal_acceleration,ink_top,214.170,1.6856
normal_acceleration,ink_bottom,214.788,0.3482
normal_acceleration,ink_top,214.788,1.9008
normal_acceleration,ink_bottom,215.406,0.9631
normal_acceleration,ink_top,215.406,1.9008
normal_acceleration,ink_bottom,216.025,0.9785
normal_acceleration,ink_top,216.025,1.6241
normal_acceleration,ink_bottom,216.643,0.9785
normal_acceleration,ink_top,216.643,1.3013
normal_acceleration,ink_bottom,217.261,0.9939
normal_acceleration,ink_top,217.261,1.0861
normal_acceleration,ink_bottom,217.880,1.0400
normal_acceleration,ink_top,217.880,1.1015
normal_acceleration,ink_bottom,218.498,1.0553
normal_acceleration,ink_top,218.498,1.1476
normal_acceleration,ink_bottom,219.117,1.0861
normal_acceleration,ink_top,219.117,1.2552
normal_acceleration,ink_bottom,219.735,1.1168
normal_acceleration,ink_top,219.735,1.2706
normal_acceleration,ink_bottom,220.353,1.1015
normal_acceleration,ink_top,220.353,1.2706
normal_acceleration,ink_bottom,220.972,1.0553
normal_acceleration,ink_top,220.972,1.2552
normal_acceleration,ink_bottom,221.590,0.9016
normal_acceleration,ink_top,221.590,1.1630
normal_acceleration,ink_bottom,222.208,0.6710
normal_acceleration,ink_top,222.208,1.0861
normal_acceleration,ink_bottom,222.827,0.6556
normal_acceleration,ink_top,222.827,1.0707
normal_acceleration,ink_bottom,223.445,0.6556
normal_acceleration,ink_top,223.445,0.9477
normal_acceleration,ink_bottom,224.064,0.6710
normal_acceleration,ink_top,224.064,1.0246
normal_acceleration,ink_bottom,224.682,0.7786
normal_acceleration,ink_top,224.682,1.0553
normal_acceleration,ink_bottom,225.300,0.8248
normal_acceleration,ink_top,225.300,1.0553
normal_acceleration,ink_bottom,225.919,0.7940
normal_acceleration,ink_top,225.919,1.0400
normal_acceleration,ink_bottom,226.537,0.7786
normal_acceleration,ink_top,226.537,0.9939
normal_acceleration,ink_bottom,227.155,0.7940
normal_acceleration,ink_top,227.155,0.9631
normal_acceleration,ink_bottom,227.774,0.9477
normal_acceleration,ink_top,227.774,1.0246
normal_acceleration,ink_bottom,228.392,0.9631
normal_acceleration,ink_top,228.392,1.0553
normal_acceleration,ink_bottom,229.011,0.8555
normal_acceleration,ink_top,229.011,1.0707
normal_acceleration,ink_bottom,229.629,0.8094
normal_acceleration,ink_top,229.629,1.0707
normal_acceleration,ink_bottom,230.247,0.7940
normal_acceleration,ink_top,230.247,1.0400
normal_acceleration,ink_bottom,230.866,0.7940
normal_acceleration,ink_top,230.866,1.1322
normal_acceleration,ink_bottom,231.484,0.9477
normal_acceleration,ink_top,231.484,1.1937
normal_acceleration,ink_bottom,232.102,1.0092
normal_acceleration,ink_top,232.102,1.1937
normal_acceleration,ink_bottom,232.721,0.9477
normal_acceleration,ink_top,232.721,1.1783
normal_acceleration,ink_bottom,233.339,0.9324
normal_acceleration,ink_top,233.339,1.0861
normal_acceleration,ink_bottom,233.958,0.8862
normal_acceleration,ink_top,233.958,0.9631
normal_acceleration,ink_bottom,234.576,0.7171
normal_acceleration,ink_top,234.576,0.9170
normal_acceleration,ink_bottom,235.194,0.5942
normal_acceleration,ink_top,235.194,0.8709
normal_acceleration,ink_bottom,235.813,0.5788
normal_acceleration,ink_top,235.813,0.8555
normal_acceleration,ink_bottom,236.431,0.6403
normal_acceleration,ink_top,236.431,0.9939
normal_acceleration,ink_bottom,237.049,0.8248
normal_acceleration,ink_top,237.049,1.0400
normal_acceleration,ink_bottom,237.668,0.8248
normal_acceleration,ink_top,237.668,1.0400
normal_acceleration,ink_bottom,238.286,0.6556
normal_acceleration,ink_top,238.286,1.0400
normal_acceleration,ink_bottom,238.905,0.6249
normal_acceleration,ink_top,238.905,0.8862
normal_acceleration,ink_bottom,239.523,0.6249
normal_acceleration,ink_top,239.523,0.8862
normal_acceleration,ink_bottom,240.141,0.6864
normal_acceleration,ink_top,240.141,0.9170
normal_acceleration,ink_bottom,240.760,0.8862
normal_acceleration,ink_top,240.760,0.9477
normal_acceleration,ink_bottom,241.378,0.9170
normal_acceleration,ink_top,241.378,1.1015
normal_acceleration,ink_bottom,241.996,0.9477
normal_acceleration,ink_top,241.996,1.1168
normal_acceleration,ink_bottom,242.615,0.9170
normal_acceleration,ink_top,242.615,1.1168
normal_acceleration,ink_bottom,243.233,0.9170
normal_acceleration,ink_top,243.233,1.1015
normal_acceleration,ink_bottom,243.852,0.9631
normal_acceleration,ink_top,243.852,1.1168
normal_acceleration,ink_bottom,244.470,1.0553
normal_acceleration,ink_top,244.470,1.1168
normal_acceleration,ink_bottom,245.088,1.0707
normal_acceleration,ink_top,245.088,1.1168
normal_acceleration,ink_bottom,245.707,1.0246
normal_acceleration,ink_top,245.707,1.1015
normal_acceleration,ink_bottom,246.325,0.9170
normal_acceleration,ink_top,246.325,1.0861
normal_acceleration,ink_bottom,246.943,0.9016
normal_acceleration,ink_top,246.943,1.0400
normal_acceleration,ink_bottom,247.562,0.9170
normal_acceleration,ink_top,247.562,1.0400
normal_acceleration,ink_bottom,248.180,0.9170
normal_acceleration,ink_top,248.180,1.0400
normal_acceleration,ink_bottom,248.799,0.8555
normal_acceleration,ink_top,248.799,1.0400
normal_acceleration,ink_bottom,249.417,0.8401
normal_acceleration,ink_top,249.417,0.9939
normal_acceleration,ink_bottom,250.035,0.8248
normal_acceleration,ink_top,250.035,0.9477
normal_acceleration,ink_bottom,250.654,0.8555
normal_acceleration,ink_top,250.654,1.0246
normal_acceleration,ink_bottom,251.272,0.9477
normal_acceleration,ink_top,251.272,1.0246
normal_acceleration,ink_bottom,251.890,0.9631
normal_acceleration,ink_top,251.890,1.0246
normal_acceleration,ink_bottom,252.509,0.9631
normal_acceleration,ink_top,252.509,1.0246
normal_acceleration,ink_bottom,253.127,0.9785
normal_acceleration,ink_top,253.127,1.0246
normal_acceleration,ink_bottom,253.746,1.0092
normal_acceleration,ink_top,253.746,1.0553
normal_acceleration,ink_bottom,254.364,1.0246
normal_acceleration,ink_top,254.364,1.1015
normal_acceleration,ink_bottom,254.982,1.0707
normal_acceleration,ink_top,254.982,1.1322
normal_acceleration,ink_bottom,255.601,1.0707
normal_acceleration,ink_top,255.601,1.1322
normal_acceleration,ink_bottom,256.219,0.9170
normal_acceleration,ink_top,256.219,1.1322
normal_acceleration,ink_bottom,256.837,0.9016
normal_acceleration,ink_top,256.837,1.0861
normal_acceleration,ink_bottom,257.456,0.8862
normal_acceleration,ink_top,257.456,0.9631
normal_acceleration,ink_bottom,258.074,0.8862
normal_acceleration,ink_top,258.074,0.9477
normal_acceleration,ink_bottom,258.693,0.9170
normal_acceleration,ink_top,258.693,0.9631
normal_acceleration,ink_bottom,259.311,0.9324
normal_acceleration,ink_top,259.311,0.9631
normal_acceleration,ink_bottom,259.929,0.9324
normal_acceleration,ink_top,259.929,1.0092
normal_acceleration,ink_bottom,260.548,0.9477
normal_acceleration,ink_top,260.548,1.1015
normal_acceleration,ink_bottom,261.166,0.9785
normal_acceleration,ink_top,261.166,1.1015
normal_acceleration,ink_bottom,261.784,0.9631
normal_acceleration,ink_top,261.784,1.1015
normal_acceleration,ink_bottom,262.403,0.9477
normal_acceleration,ink_top,262.403,1.0400
normal_acceleration,ink_bottom,263.021,0.9477
normal_acceleration,ink_top,263.021,1.0246
normal_acceleration,ink_bottom,263.640,0.9631
normal_acceleration,ink_top,263.640,1.0553
normal_acceleration,ink_bottom,264.258,0.9631
normal_acceleration,ink_top,264.258,1.0553
normal_acceleration,ink_bottom,264.876,0.9324
normal_acceleration,ink_top,264.876,1.0553
normal_acceleration,ink_bottom,265.495,0.9324
normal_acceleration,ink_top,265.495,0.9939
normal_acceleration,ink_bottom,266.113,0.9324
normal_acceleration,ink_top,266.113,0.9785
normal_acceleration,ink_bottom,266.731,0.9324
normal_acceleration,ink_top,266.731,0.9785
normal_acceleration,ink_bottom,267.350,0.9324
normal_acceleration,ink_top,267.350,0.9939
normal_acceleration,ink_bottom,267.968,0.9324
normal_acceleration,ink_top,267.968,1.0092
normal_acceleration,ink_bottom,268.587,0.9631
normal_acceleration,ink_top,268.587,1.0553
normal_acceleration,ink_bottom,269.205,0.9631
normal_acceleration,ink_top,269.205,1.0553
normal_acceleration,ink_bottom,269.823,0.9631
normal_acceleration,ink_top,269.823,1.0553
normal_acceleration,ink_bottom,270.442,0.9631
normal_acceleration,ink_top,270.442,1.0553
normal_acceleration,ink_bottom,271.060,0.9785
normal_acceleration,ink_top,271.060,1.1168
normal_acceleration,ink_bottom,271.678,1.0092
normal_acceleration,ink_top,271.678,1.1168
normal_acceleration,ink_bottom,272.297,0.9477
normal_acceleration,ink_top,272.297,1.1168
normal_acceleration,ink_bottom,272.915,0.9324
normal_acceleration,ink_top,272.915,1.0553
normal_acceleration,ink_bottom,273.534,0.9477
normal_acceleration,ink_top,273.534,1.0400
normal_acceleration,ink_bottom,274.152,0.9631
normal_acceleration,ink_top,274.152,1.0553
normal_acceleration,ink_bottom,274.770,1.0092
normal_acceleration,ink_top,274.770,1.0707
normal_acceleration,ink_bottom,275.389,1.0092
normal_acceleration,ink_top,275.389,1.0707
normal_acceleration,ink_bottom,276.007,1.0092
normal_acceleration,ink_top,276.007,1.0861
normal_acceleration,ink_bottom,276.625,1.0246
normal_acceleration,ink_top,276.625,1.0861
normal_acceleration,ink_bottom,277.244,1.0246
normal_acceleration,ink_top,277.244,1.0861
normal_acceleration,ink_bottom,277.862,1.0092
normal_acceleration,ink_top,277.862,1.0553
normal_acceleration,ink_bottom,278.481,0.9939
normal_acceleration,ink_top,278.481,1.0400
normal_acceleration,ink_bottom,279.099,1.0092
normal_acceleration,ink_top,279.099,1.0861
normal_acceleration,ink_bottom,279.717,1.0246
normal_acceleration,ink_top,279.717,1.0861
normal_acceleration,ink_bottom,280.336,0.9785
normal_acceleration,ink_top,280.336,1.0861
normal_acceleration,ink_bottom,280.954,0.9631
normal_acceleration,ink_top,280.954,1.0553
normal_acceleration,ink_bottom,281.572,0.9477
normal_acceleration,ink_top,281.572,1.0246
normal_acceleration,ink_bottom,282.191,0.9785
normal_acceleration,ink_top,282.191,1.0092
normal_acceleration,ink_bottom,282.809,0.9939
normal_acceleration,ink_top,282.809,1.0246
normal_acceleration,ink_bottom,283.428,1.0092
normal_acceleration,ink_top,283.428,1.0400
normal_acceleration,ink_bottom,284.046,1.0246
normal_acceleration,ink_top,284.046,1.0400
normal_acceleration,ink_bottom,284.664,1.0400
normal_acceleration,ink_top,284.664,1.0553
normal_acceleration,ink_bottom,285.283,1.0400
normal_acceleration,ink_top,285.283,1.0707
normal_acceleration,ink_bottom,285.901,1.0400
normal_acceleration,ink_top,285.901,1.0707
normal_acceleration,ink_bottom,286.519,1.0400
normal_acceleration,ink_top,286.519,1.0707
normal_acceleration,ink_bottom,287.138,1.0246
normal_acceleration,ink_top,287.138,1.0553
normal_acceleration,ink_bottom,287.756,1.0092
normal_acceleration,ink_top,287.756,1.0400
normal_acceleration,ink_bottom,288.375,0.9939
normal_acceleration,ink_top,288.375,1.0246
normal_acceleration,ink_bottom,288.993,0.9785
normal_acceleration,ink_top,288.993,1.0092
normal_acceleration,ink_bottom,289.611,0.9631
normal_acceleration,ink_top,289.611,0.9939
normal_acceleration,ink_bottom,290.230,0.9631
normal_acceleration,ink_top,290.230,0.9785
normal_acceleration,ink_bottom,290.848,0.9477
normal_acceleration,ink_top,290.848,0.9631
normal_acceleration,ink_bottom,291.466,0.9477
normal_acceleration,ink_top,291.466,0.9631
normal_acceleration,ink_bottom,292.085,0.9631
normal_acceleration,ink_top,292.085,0.9785
normal_acceleration,ink_bottom,292.703,0.9785
normal_acceleration,ink_top,292.703,0.9939
normal_acceleration,ink_bottom,293.322,0.9785
normal_acceleration,ink_top,293.322,0.9939
normal_acceleration,ink_bottom,293.940,0.9785
normal_acceleration,ink_top,293.940,1.0092
normal_acceleration,ink_bottom,294.558,0.9939
normal_acceleration,ink_top,294.558,1.0246
normal_acceleration,ink_bottom,295.177,0.9939
normal_acceleration,ink_top,295.177,1.0246
normal_acceleration,ink_bottom,295.795,0.9939
normal_acceleration,ink_top,295.795,1.0246
normal_acceleration,ink_bottom,296.413,0.9939
normal_acceleration,ink_top,296.413,1.0092
normal_acceleration,ink_bottom,297.032,0.9939
normal_acceleration,ink_top,297.032,1.0092
normal_acceleration,ink_bottom,297.650,0.9939
normal_acceleration,ink_top,297.650,1.0092
normal_acceleration,ink_bottom,298.269,0.9939
normal_acceleration,ink_top,298.269,1.0092
normal_acceleration,ink_bottom,298.887,0.9785
normal_acceleration,ink_top,298.887,1.0092
vertical_wind,ink_bottom,1.886,2.0548
vertical_wind,ink_top,1.886,5.8600
vertical_wind,ink_bottom,2.504,2.0548
vertical_wind,ink_top,2.504,5.0989
vertical_wind,ink_bottom,3.122,2.0548
vertical_wind,ink_top,3.122,5.0989
vertical_wind,ink_bottom,3.740,1.2938
vertical_wind,ink_top,3.740,5.0989
vertical_wind,ink_bottom,4.359,0.5327
vertical_wind,ink_top,4.359,4.3379
vertical_wind,ink_bottom,4.977,1.2938
vertical_wind,ink_top,4.977,4.3379
vertical_wind,ink_bottom,5.595,1.2938
vertical_wind,ink_top,5.595,5.0989
vertical_wind,ink_bottom,6.213,0.5327
vertical_wind,ink_top,6.213,4.3379
vertical_wind,ink_bottom,6.832,1.2938
vertical_wind,ink_top,6.832,4.3379
vertical_wind,ink_bottom,7.450,2.0548
vertical_wind,ink_top,7.450,5.0989
vertical_wind,ink_bottom,8.068,1.2938
vertical_wind,ink_top,8.068,4.3379
vertical_wind,ink_bottom,8.686,1.2938
vertical_wind,ink_top,8.686,2.0548
vertical_wind,ink_bottom,9.304,1.2938
vertical_wind,ink_top,9.304,2.0548
vertical_wind,ink_bottom,9.923,1.2938
vertical_wind,ink_top,9.923,2.0548
vertical_wind,ink_bottom,10.541,0.5327
vertical_wind,ink_top,10.541,1.2938
vertical_wind,ink_bottom,11.159,0.5327
vertical_wind,ink_top,11.159,1.2938
vertical_wind,ink_bottom,11.777,0.5327
vertical_wind,ink_top,11.777,1.2938
vertical_wind,ink_bottom,12.396,1.2938
vertical_wind,ink_top,12.396,1.2938
vertical_wind,ink_bottom,13.014,1.2938
vertical_wind,ink_top,13.014,2.0548
vertical_wind,ink_bottom,13.632,0.5327
vertical_wind,ink_top,13.632,1.2938
vertical_wind,ink_bottom,14.250,0.5327
vertical_wind,ink_top,14.250,1.2938
vertical_wind,ink_bottom,14.869,1.2938
vertical_wind,ink_top,14.869,1.2938
vertical_wind,ink_bottom,15.487,1.2938
vertical_wind,ink_top,15.487,2.0548
vertical_wind,ink_bottom,16.105,1.2938
vertical_wind,ink_top,16.105,2.0548
vertical_wind,ink_bottom,16.723,1.2938
vertical_wind,ink_top,16.723,2.0548
vertical_wind,ink_bottom,17.342,1.2938
vertical_wind,ink_top,17.342,2.0548
vertical_wind,ink_bottom,17.960,0.5327
vertical_wind,ink_top,17.960,1.2938
vertical_wind,ink_bottom,18.578,0.5327
vertical_wind,ink_top,18.578,1.2938
vertical_wind,ink_bottom,19.196,0.5327
vertical_wind,ink_top,19.196,2.0548
vertical_wind,ink_bottom,19.815,1.2938
vertical_wind,ink_top,19.815,2.8158
vertical_wind,ink_bottom,20.433,2.0548
vertical_wind,ink_top,20.433,2.8158
vertical_wind,ink_bottom,21.051,1.2938
vertical_wind,ink_top,21.051,2.8158
vertical_wind,ink_bottom,21.669,1.2938
vertical_wind,ink_top,21.669,2.0548
vertical_wind,ink_bottom,22.287,1.2938
vertical_wind,ink_top,22.287,2.8158
vertical_wind,ink_bottom,22.906,2.0548
vertical_wind,ink_top,22.906,2.8158
vertical_wind,ink_bottom,23.524,2.0548
vertical_wind,ink_top,23.524,2.8158
vertical_wind,ink_bottom,24.142,2.0548
vertical_wind,ink_top,24.142,2.8158
vertical_wind,ink_bottom,24.760,2.0548
vertical_wind,ink_top,24.760,3.5769
vertical_wind,ink_bottom,25.379,2.0548
vertical_wind,ink_top,25.379,3.5769
vertical_wind,ink_bottom,25.997,2.0548
vertical_wind,ink_top,25.997,2.8158
vertical_wind,ink_bottom,26.615,2.0548
vertical_wind,ink_top,26.615,2.8158
vertical_wind,ink_bottom,27.233,2.0548
vertical_wind,ink_top,27.233,2.8158
vertical_wind,ink_bottom,27.852,2.0548
vertical_wind,ink_top,27.852,2.8158
vertical_wind,ink_bottom,28.470,1.2938
vertical_wind,ink_top,28.470,2.8158
vertical_wind,ink_bottom,29.088,1.2938
vertical_wind,ink_top,29.088,2.0548
vertical_wind,ink_bottom,29.706,1.2938
vertical_wind,ink_top,29.706,2.8158
vertical_wind,ink_bottom,30.325,2.0548
vertical_wind,ink_top,30.325,2.8158
vertical_wind,ink_bottom,30.943,2.0548
vertical_wind,ink_top,30.943,2.8158
vertical_wind,ink_bottom,31.561,2.0548
vertical_wind,ink_top,31.561,2.8158
vertical_wind,ink_bottom,32.179,2.0548
vertical_wind,ink_top,32.179,2.8158
vertical_wind,ink_bottom,32.798,2.8158
vertical_wind,ink_top,32.798,3.5769
vertical_wind,ink_bottom,33.416,3.5769
vertical_wind,ink_top,33.416,5.8600
vertical_wind,ink_bottom,34.034,4.3379
vertical_wind,ink_top,34.034,7.3820
vertical_wind,ink_bottom,34.652,2.8158
vertical_wind,ink_top,34.652,7.3820
vertical_wind,ink_bottom,35.270,2.8158
vertical_wind,ink_top,35.270,5.8600
vertical_wind,ink_bottom,35.889,2.8158
vertical_wind,ink_top,35.889,5.8600
vertical_wind,ink_bottom,36.507,3.5769
vertical_wind,ink_top,36.507,6.6210
vertical_wind,ink_bottom,37.125,2.0548
vertical_wind,ink_top,37.125,5.8600
vertical_wind,ink_bottom,37.743,2.0548
vertical_wind,ink_top,37.743,4.3379
vertical_wind,ink_bottom,38.362,2.0548
vertical_wind,ink_top,38.362,2.8158
vertical_wind,ink_bottom,38.980,2.0548
vertical_wind,ink_top,38.980,2.8158
vertical_wind,ink_bottom,39.598,1.2938
vertical_wind,ink_top,39.598,2.8158
vertical_wind,ink_bottom,40.216,2.0548
vertical_wind,ink_top,40.216,3.5769
vertical_wind,ink_bottom,40.835,2.8158
vertical_wind,ink_top,40.835,5.8600
vertical_wind,ink_bottom,41.453,4.3379
vertical_wind,ink_top,41.453,6.6210
vertical_wind,ink_bottom,42.071,4.3379
vertical_wind,ink_top,42.071,6.6210
vertical_wind,ink_bottom,42.689,2.0548
vertical_wind,ink_top,42.689,5.8600
vertical_wind,ink_bottom,43.308,2.0548
vertical_wind,ink_top,43.308,4.3379
vertical_wind,ink_bottom,43.926,1.2938
vertical_wind,ink_top,43.926,2.8158
vertical_wind,ink_bottom,44.544,1.2938
vertical_wind,ink_top,44.544,2.8158
vertical_wind,ink_bottom,45.162,1.2938
vertical_wind,ink_top,45.162,2.0548
vertical_wind,ink_bottom,45.781,0.5327
vertical_wind,ink_top,45.781,1.2938
vertical_wind,ink_bottom,46.399,-0.2283
vertical_wind,ink_top,46.399,1.2938
vertical_wind,ink_bottom,47.017,-0.2283
vertical_wind,ink_top,47.017,0.5327
vertical_wind,ink_bottom,47.635,-0.9893
vertical_wind,ink_top,47.635,-0.2283
vertical_wind,ink_bottom,48.253,-0.9893
vertical_wind,ink_top,48.253,-0.2283
vertical_wind,ink_bottom,48.872,-0.9893
vertical_wind,ink_top,48.872,-0.2283
vertical_wind,ink_bottom,49.490,-0.9893
vertical_wind,ink_top,49.490,0.5327
vertical_wind,ink_bottom,50.108,-0.2283
vertical_wind,ink_top,50.108,0.5327
vertical_wind,ink_bottom,50.726,0.5327
vertical_wind,ink_top,50.726,1.2938
vertical_wind,ink_bottom,51.345,0.5327
vertical_wind,ink_top,51.345,2.0548
vertical_wind,ink_bottom,51.963,1.2938
vertical_wind,ink_top,51.963,2.0548
vertical_wind,ink_bottom,52.581,1.2938
vertical_wind,ink_top,52.581,2.0548
vertical_wind,ink_bottom,53.199,2.0548
vertical_wind,ink_top,53.199,2.8158
vertical_wind,ink_bottom,53.818,2.0548
vertical_wind,ink_top,53.818,2.8158
vertical_wind,ink_bottom,54.436,2.0548
vertical_wind,ink_top,54.436,2.8158
vertical_wind,ink_bottom,55.054,2.0548
vertical_wind,ink_top,55.054,2.8158
vertical_wind,ink_bottom,55.672,1.2938
vertical_wind,ink_top,55.672,2.0548
vertical_wind,ink_bottom,56.291,0.5327
vertical_wind,ink_top,56.291,1.2938
vertical_wind,ink_bottom,56.909,-0.2283
vertical_wind,ink_top,56.909,1.2938
vertical_wind,ink_bottom,57.527,-2.5114
vertical_wind,ink_top,57.527,0.5327
vertical_wind,ink_bottom,58.145,-4.7945
vertical_wind,ink_top,58.145,-0.2283
vertical_wind,ink_bottom,58.764,-6.3166
vertical_wind,ink_top,58.764,-2.5114
vertical_wind,ink_bottom,59.382,-5.5556
vertical_wind,ink_top,59.382,-1.7504
vertical_wind,ink_bottom,60.000,-4.0335
vertical_wind,ink_top,60.000,-0.9893
vertical_wind,ink_bottom,60.618,-4.7945
vertical_wind,ink_top,60.618,-1.7504
vertical_wind,ink_bottom,61.236,-5.5556
vertical_wind,ink_top,61.236,-3.2725
vertical_wind,ink_bottom,61.855,-5.5556
vertical_wind,ink_top,61.855,-4.0335
vertical_wind,ink_bottom,62.473,-4.7945
vertical_wind,ink_top,62.473,-3.2725
vertical_wind,ink_bottom,63.091,-4.0335
vertical_wind,ink_top,63.091,-2.5114
vertical_wind,ink_bottom,63.709,-3.2725
vertical_wind,ink_top,63.709,-2.5114
vertical_wind,ink_bottom,64.328,-3.2725
vertical_wind,ink_top,64.328,-2.5114
vertical_wind,ink_bottom,64.946,-3.2725
vertical_wind,ink_top,64.946,-2.5114
vertical_wind,ink_bottom,65.564,-4.0335
vertical_wind,ink_top,65.564,-2.5114
vertical_wind,ink_bottom,66.182,-4.0335
vertical_wind,ink_top,66.182,-3.2725
vertical_wind,ink_bottom,66.801,-4.0335
vertical_wind,ink_top,66.801,-3.2725
vertical_wind,ink_bottom,67.419,-4.0335
vertical_wind,ink_top,67.419,-3.2725
vertical_wind,ink_bottom,68.037,-4.0335
vertical_wind,ink_top,68.037,-3.2725
vertical_wind,ink_bottom,68.655,-4.0335
vertical_wind,ink_top,68.655,-3.2725
vertical_wind,ink_bottom,69.274,-4.0335
vertical_wind,ink_top,69.274,-3.2725
vertical_wind,ink_bottom,69.892,-4.0335
vertical_wind,ink_top,69.892,-3.2725
vertical_wind,ink_bottom,70.510,-4.0335
vertical_wind,ink_top,70.510,-3.2725
vertical_wind,ink_bottom,71.128,-4.0335
vertical_wind,ink_top,71.128,-2.5114
vertical_wind,ink_bottom,71.747,-3.2725
vertical_wind,ink_top,71.747,-1.7504
vertical_wind,ink_bottom,72.365,-2.5114
vertical_wind,ink_top,72.365,-1.7504
vertical_wind,ink_bottom,72.983,-2.5114
vertical_wind,ink_top,72.983,-0.9893
vertical_wind,ink_bottom,73.601,-1.7504
vertical_wind,ink_top,73.601,-0.9893
vertical_wind,ink_bottom,74.219,-1.7504
vertical_wind,ink_top,74.219,-0.9893
vertical_wind,ink_bottom,74.838,-1.7504
vertical_wind,ink_top,74.838,-0.9893
vertical_wind,ink_bottom,75.456,-1.7504
vertical_wind,ink_top,75.456,-0.9893
vertical_wind,ink_bottom,76.074,-1.7504
vertical_wind,ink_top,76.074,-0.9893
vertical_wind,ink_bottom,76.692,-2.5114
vertical_wind,ink_top,76.692,-1.7504
vertical_wind,ink_bottom,77.311,-2.5114
vertical_wind,ink_top,77.311,-1.7504
vertical_wind,ink_bottom,77.929,-3.2725
vertical_wind,ink_top,77.929,-1.7504
vertical_wind,ink_bottom,78.547,-3.2725
vertical_wind,ink_top,78.547,-1.7504
vertical_wind,ink_bottom,79.165,-3.2725
vertical_wind,ink_top,79.165,-2.5114
vertical_wind,ink_bottom,79.784,-2.5114
vertical_wind,ink_top,79.784,-1.7504
vertical_wind,ink_bottom,80.402,-2.5114
vertical_wind,ink_top,80.402,-1.7504
vertical_wind,ink_bottom,81.020,-2.5114
vertical_wind,ink_top,81.020,-1.7504
vertical_wind,ink_bottom,81.638,-2.5114
vertical_wind,ink_top,81.638,-0.9893
vertical_wind,ink_bottom,82.257,-1.7504
vertical_wind,ink_top,82.257,-0.9893
vertical_wind,ink_bottom,82.875,-1.7504
vertical_wind,ink_top,82.875,-0.9893
vertical_wind,ink_bottom,83.493,-0.9893
vertical_wind,ink_top,83.493,-0.2283
vertical_wind,ink_bottom,84.111,-1.7504
vertical_wind,ink_top,84.111,-0.2283
vertical_wind,ink_bottom,84.730,-1.7504
vertical_wind,ink_top,84.730,-0.9893
vertical_wind,ink_bottom,85.348,-1.7504
vertical_wind,ink_top,85.348,-0.2283
vertical_wind,ink_bottom,85.966,-1.7504
vertical_wind,ink_top,85.966,-0.9893
vertical_wind,ink_bottom,86.584,-3.2725
vertical_wind,ink_top,86.584,-0.9893
vertical_wind,ink_bottom,87.202,-3.2725
vertical_wind,ink_top,87.202,-0.9893
vertical_wind,ink_bottom,87.821,-3.2725
vertical_wind,ink_top,87.821,0.5327
vertical_wind,ink_bottom,88.439,-2.5114
vertical_wind,ink_top,88.439,0.5327
vertical_wind,ink_bottom,89.057,-4.0335
vertical_wind,ink_top,89.057,-0.2283
vertical_wind,ink_bottom,89.675,-4.7945
vertical_wind,ink_top,89.675,-1.7504
vertical_wind,ink_bottom,90.294,-5.5556
vertical_wind,ink_top,90.294,-4.0335
vertical_wind,ink_bottom,90.912,-5.5556
vertical_wind,ink_top,90.912,-4.7945
vertical_wind,ink_bottom,91.530,-5.5556
vertical_wind,ink_top,91.530,-4.7945
vertical_wind,ink_bottom,92.148,-5.5556
vertical_wind,ink_top,92.148,-4.7945
vertical_wind,ink_bottom,92.767,-5.5556
vertical_wind,ink_top,92.767,-4.0335
vertical_wind,ink_bottom,93.385,-4.7945
vertical_wind,ink_top,93.385,-4.0335
vertical_wind,ink_bottom,94.003,-4.7945
vertical_wind,ink_top,94.003,-4.0335
vertical_wind,ink_bottom,94.621,-4.0335
vertical_wind,ink_top,94.621,-3.2725
vertical_wind,ink_bottom,95.240,-4.0335
vertical_wind,ink_top,95.240,-3.2725
vertical_wind,ink_bottom,95.858,-4.0335
vertical_wind,ink_top,95.858,-3.2725
vertical_wind,ink_bottom,96.476,-4.0335
vertical_wind,ink_top,96.476,-4.0335
vertical_wind,ink_bottom,97.094,-4.7945
vertical_wind,ink_top,97.094,-4.0335
vertical_wind,ink_bottom,97.713,-4.7945
vertical_wind,ink_top,97.713,-4.0335
vertical_wind,ink_bottom,98.331,-5.5556
vertical_wind,ink_top,98.331,-4.7945
vertical_wind,ink_bottom,98.949,-5.5556
vertical_wind,ink_top,98.949,-4.0335
vertical_wind,ink_bottom,99.567,-5.5556
vertical_wind,ink_top,99.567,-1.7504
vertical_wind,ink_bottom,100.185,-4.0335
vertical_wind,ink_top,100.185,-0.2283
vertical_wind,ink_bottom,100.804,-4.0335
vertical_wind,ink_top,100.804,-0.2283
vertical_wind,ink_bottom,101.422,-5.5556
vertical_wind,ink_top,101.422,-2.5114
vertical_wind,ink_bottom,102.040,-5.5556
vertical_wind,ink_top,102.040,-2.5114
vertical_wind,ink_bottom,102.658,-4.0335
vertical_wind,ink_top,102.658,-0.9893
vertical_wind,ink_bottom,103.277,-1.7504
vertical_wind,ink_top,103.277,2.0548
vertical_wind,ink_bottom,103.895,-0.9893
vertical_wind,ink_top,103.895,2.0548
vertical_wind,ink_bottom,104.513,-2.5114
vertical_wind,ink_top,104.513,2.0548
vertical_wind,ink_bottom,105.131,-3.2725
vertical_wind,ink_top,105.131,0.5327
vertical_wind,ink_bottom,105.750,-3.2725
vertical_wind,ink_top,105.750,0.5327
vertical_wind,ink_bottom,106.368,-0.9893
vertical_wind,ink_top,106.368,0.5327
vertical_wind,ink_bottom,106.986,-0.2283
vertical_wind,ink_top,106.986,0.5327
vertical_wind,ink_bottom,107.604,-0.9893
vertical_wind,ink_top,107.604,0.5327
vertical_wind,ink_bottom,108.223,-0.9893
vertical_wind,ink_top,108.223,-0.2283
vertical_wind,ink_bottom,108.841,-0.9893
vertical_wind,ink_top,108.841,-0.2283
vertical_wind,ink_bottom,109.459,-0.9893
vertical_wind,ink_top,109.459,-0.2283
vertical_wind,ink_bottom,110.077,-0.9893
vertical_wind,ink_top,110.077,-0.2283
vertical_wind,ink_bottom,110.696,-0.9893
vertical_wind,ink_top,110.696,0.5327
vertical_wind,ink_bottom,111.314,-0.9893
vertical_wind,ink_top,111.314,0.5327
vertical_wind,ink_bottom,111.932,-0.2283
vertical_wind,ink_top,111.932,1.2938
vertical_wind,ink_bottom,112.550,-0.2283
vertical_wind,ink_top,112.550,1.2938
vertical_wind,ink_bottom,113.168,0.5327
vertical_wind,ink_top,113.168,2.0548
vertical_wind,ink_bottom,113.787,1.2938
vertical_wind,ink_top,113.787,2.8158
vertical_wind,ink_bottom,114.405,1.2938
vertical_wind,ink_top,114.405,2.8158
vertical_wind,ink_bottom,115.023,2.0548
vertical_wind,ink_top,115.023,2.8158
vertical_wind,ink_bottom,115.641,2.0548
vertical_wind,ink_top,115.641,2.8158
vertical_wind,ink_bottom,116.260,1.2938
vertical_wind,ink_top,116.260,2.8158
vertical_wind,ink_bottom,116.878,1.2938
vertical_wind,ink_top,116.878,2.0548
vertical_wind,ink_bottom,117.496,0.5327
vertical_wind,ink_top,117.496,2.0548
vertical_wind,ink_bottom,118.114,-0.2283
vertical_wind,ink_top,118.114,1.2938
vertical_wind,ink_bottom,118.733,-0.9893
vertical_wind,ink_top,118.733,0.5327
vertical_wind,ink_bottom,119.351,-1.7504
vertical_wind,ink_top,119.351,-0.2283
vertical_wind,ink_bottom,119.969,-1.7504
vertical_wind,ink_top,119.969,-0.9893
vertical_wind,ink_bottom,120.587,-1.7504
vertical_wind,ink_top,120.587,-0.2283
vertical_wind,ink_bottom,121.206,-1.7504
vertical_wind,ink_top,121.206,-0.2283
vertical_wind,ink_bottom,121.824,-0.9893
vertical_wind,ink_top,121.824,0.5327
vertical_wind,ink_bottom,122.442,-0.2283
vertical_wind,ink_top,122.442,0.5327
vertical_wind,ink_bottom,123.060,-0.2283
vertical_wind,ink_top,123.060,1.2938
vertical_wind,ink_bottom,123.679,0.5327
vertical_wind,ink_top,123.679,1.2938
vertical_wind,ink_bottom,124.297,0.5327
vertical_wind,ink_top,124.297,2.0548
vertical_wind,ink_bottom,124.915,0.5327
vertical_wind,ink_top,124.915,3.5769
vertical_wind,ink_bottom,125.533,1.2938
vertical_wind,ink_top,125.533,4.3379
vertical_wind,ink_bottom,126.151,2.8158
vertical_wind,ink_top,126.151,5.8600
vertical_wind,ink_bottom,126.770,4.3379
vertical_wind,ink_top,126.770,5.8600
vertical_wind,ink_bottom,127.388,5.0989
vertical_wind,ink_top,127.388,5.8600
vertical_wind,ink_bottom,128.006,5.0989
vertical_wind,ink_top,128.006,5.8600
vertical_wind,ink_bottom,128.624,5.0989
vertical_wind,ink_top,128.624,5.8600
vertical_wind,ink_bottom,129.243,5.0989
vertical_wind,ink_top,129.243,5.8600
vertical_wind,ink_bottom,129.861,4.3379
vertical_wind,ink_top,129.861,5.0989
vertical_wind,ink_bottom,130.479,4.3379
vertical_wind,ink_top,130.479,5.0989
vertical_wind,ink_bottom,131.097,3.5769
vertical_wind,ink_top,131.097,4.3379
vertical_wind,ink_bottom,131.716,2.8158
vertical_wind,ink_top,131.716,4.3379
vertical_wind,ink_bottom,132.334,2.8158
vertical_wind,ink_top,132.334,3.5769
vertical_wind,ink_bottom,132.952,2.0548
vertical_wind,ink_top,132.952,3.5769
vertical_wind,ink_bottom,133.570,2.0548
vertical_wind,ink_top,133.570,2.8158
vertical_wind,ink_bottom,134.189,2.0548
vertical_wind,ink_top,134.189,3.5769
vertical_wind,ink_bottom,134.807,2.8158
vertical_wind,ink_top,134.807,4.3379
vertical_wind,ink_bottom,135.425,3.5769
vertical_wind,ink_top,135.425,5.0989
vertical_wind,ink_bottom,136.043,3.5769
vertical_wind,ink_top,136.043,5.0989
vertical_wind,ink_bottom,136.662,4.3379
vertical_wind,ink_top,136.662,5.0989
vertical_wind,ink_bottom,137.280,4.3379
vertical_wind,ink_top,137.280,5.0989
vertical_wind,ink_bottom,137.898,4.3379
vertical_wind,ink_top,137.898,5.0989
vertical_wind,ink_bottom,138.516,4.3379
vertical_wind,ink_top,138.516,5.0989
vertical_wind,ink_bottom,139.134,4.3379
vertical_wind,ink_top,139.134,5.0989
vertical_wind,ink_bottom,139.753,4.3379
vertical_wind,ink_top,139.753,5.0989
vertical_wind,ink_bottom,140.371,4.3379
vertical_wind,ink_top,140.371,5.0989
vertical_wind,ink_bottom,140.989,4.3379
vertical_wind,ink_top,140.989,5.0989
vertical_wind,ink_bottom,141.607,3.5769
vertical_wind,ink_top,141.607,4.3379
vertical_wind,ink_bottom,142.226,2.8158
vertical_wind,ink_top,142.226,4.3379
vertical_wind,ink_bottom,142.844,2.8158
vertical_wind,ink_top,142.844,3.5769
vertical_wind,ink_bottom,143.462,2.8158
vertical_wind,ink_top,143.462,3.5769
vertical_wind,ink_bottom,144.080,2.8158
vertical_wind,ink_top,144.080,3.5769
vertical_wind,ink_bottom,144.699,2.8158
vertical_wind,ink_top,144.699,3.5769
vertical_wind,ink_bottom,145.317,2.8158
vertical_wind,ink_top,145.317,4.3379
vertical_wind,ink_bottom,145.935,2.8158
vertical_wind,ink_top,145.935,4.3379
vertical_wind,ink_bottom,146.553,3.5769
vertical_wind,ink_top,146.553,4.3379
vertical_wind,ink_bottom,147.172,3.5769
vertical_wind,ink_top,147.172,4.3379
vertical_wind,ink_bottom,147.790,3.5769
vertical_wind,ink_top,147.790,4.3379
vertical_wind,ink_bottom,148.408,3.5769
vertical_wind,ink_top,148.408,4.3379
vertical_wind,ink_bottom,149.026,3.5769
vertical_wind,ink_top,149.026,4.3379
vertical_wind,ink_bottom,149.645,2.8158
vertical_wind,ink_top,149.645,4.3379
vertical_wind,ink_bottom,150.263,3.5769
vertical_wind,ink_top,150.263,4.3379
vertical_wind,ink_bottom,150.881,3.5769
vertical_wind,ink_top,150.881,5.0989
vertical_wind,ink_bottom,151.499,3.5769
vertical_wind,ink_top,151.499,5.0989
vertical_wind,ink_bottom,152.117,4.3379
vertical_wind,ink_top,152.117,5.0989
vertical_wind,ink_bottom,152.736,4.3379
vertical_wind,ink_top,152.736,5.0989
vertical_wind,ink_bottom,153.354,4.3379
vertical_wind,ink_top,153.354,5.0989
vertical_wind,ink_bottom,153.972,4.3379
vertical_wind,ink_top,153.972,5.0989
vertical_wind,ink_bottom,154.590,3.5769
vertical_wind,ink_top,154.590,5.0989
vertical_wind,ink_bottom,155.209,2.8158
vertical_wind,ink_top,155.209,4.3379
vertical_wind,ink_bottom,155.827,2.8158
vertical_wind,ink_top,155.827,3.5769
vertical_wind,ink_bottom,156.445,2.8158
vertical_wind,ink_top,156.445,3.5769
vertical_wind,ink_bottom,157.063,2.8158
vertical_wind,ink_top,157.063,3.5769
vertical_wind,ink_bottom,157.682,2.8158
vertical_wind,ink_top,157.682,3.5769
vertical_wind,ink_bottom,158.300,2.8158
vertical_wind,ink_top,158.300,3.5769
vertical_wind,ink_bottom,158.918,3.5769
vertical_wind,ink_top,158.918,4.3379
vertical_wind,ink_bottom,159.536,3.5769
vertical_wind,ink_top,159.536,4.3379
vertical_wind,ink_bottom,160.155,3.5769
vertical_wind,ink_top,160.155,4.3379
vertical_wind,ink_bottom,160.773,3.5769
vertical_wind,ink_top,160.773,4.3379
vertical_wind,ink_bottom,161.391,3.5769
vertical_wind,ink_top,161.391,4.3379
vertical_wind,ink_bottom,162.009,3.5769
vertical_wind,ink_top,162.009,4.3379
vertical_wind,ink_bottom,162.628,3.5769
vertical_wind,ink_top,162.628,4.3379
vertical_wind,ink_bottom,163.246,3.5769
vertical_wind,ink_top,163.246,4.3379
vertical_wind,ink_bottom,163.864,3.5769
vertical_wind,ink_top,163.864,4.3379
vertical_wind,ink_bottom,164.482,2.8158
vertical_wind,ink_top,164.482,4.3379
vertical_wind,ink_bottom,165.100,2.8158
vertical_wind,ink_top,165.100,4.3379
vertical_wind,ink_bottom,165.719,3.5769
vertical_wind,ink_top,165.719,4.3379
vertical_wind,ink_bottom,166.337,3.5769
vertical_wind,ink_top,166.337,5.0989
vertical_wind,ink_bottom,166.955,4.3379
vertical_wind,ink_top,166.955,5.8600
vertical_wind,ink_bottom,167.573,4.3379
vertical_wind,ink_top,167.573,6.6210
vertical_wind,ink_bottom,168.192,5.0989
vertical_wind,ink_top,168.192,6.6210
vertical_wind,ink_bottom,168.810,5.8600
vertical_wind,ink_top,168.810,6.6210
vertical_wind,ink_bottom,169.428,5.8600
vertical_wind,ink_top,169.428,6.6210
vertical_wind,ink_bottom,170.046,5.8600
vertical_wind,ink_top,170.046,7.3820
vertical_wind,ink_bottom,170.665,5.8600
vertical_wind,ink_top,170.665,10.4262
vertical_wind,ink_bottom,171.283,7.3820
vertical_wind,ink_top,171.283,11.1872
vertical_wind,ink_bottom,171.901,6.6210
vertical_wind,ink_top,171.901,11.1872
vertical_wind,ink_bottom,172.519,4.3379
vertical_wind,ink_top,172.519,8.9041
vertical_wind,ink_bottom,173.138,3.5769
vertical_wind,ink_top,173.138,6.6210
vertical_wind,ink_bottom,173.756,4.3379
vertical_wind,ink_top,173.756,6.6210
vertical_wind,ink_bottom,174.374,5.0989
vertical_wind,ink_top,174.374,7.3820
vertical_wind,ink_bottom,174.992,5.8600
vertical_wind,ink_top,174.992,7.3820
vertical_wind,ink_bottom,175.611,6.6210
vertical_wind,ink_top,175.611,7.3820
vertical_wind,ink_bottom,176.229,5.8600
vertical_wind,ink_top,176.229,7.3820
vertical_wind,ink_bottom,176.847,3.5769
vertical_wind,ink_top,176.847,7.3820
vertical_wind,ink_bottom,177.465,2.8158
vertical_wind,ink_top,177.465,6.6210
vertical_wind,ink_bottom,178.083,2.8158
vertical_wind,ink_top,178.083,5.0989
vertical_wind,ink_bottom,178.702,3.5769
vertical_wind,ink_top,178.702,5.8600
vertical_wind,ink_bottom,179.320,4.3379
vertical_wind,ink_top,179.320,7.3820
vertical_wind,ink_bottom,179.938,5.0989
vertical_wind,ink_top,179.938,8.1431
vertical_wind,ink_bottom,180.556,5.8600
vertical_wind,ink_top,180.556,8.1431
vertical_wind,ink_bottom,181.175,5.0989
vertical_wind,ink_top,181.175,8.1431
vertical_wind,ink_bottom,181.793,4.3379
vertical_wind,ink_top,181.793,6.6210
vertical_wind,ink_bottom,182.411,4.3379
vertical_wind,ink_top,182.411,5.0989
vertical_wind,ink_bottom,183.029,4.3379
vertical_wind,ink_top,183.029,6.6210
vertical_wind,ink_bottom,183.648,5.0989
vertical_wind,ink_top,183.648,8.1431
vertical_wind,ink_bottom,184.266,5.8600
vertical_wind,ink_top,184.266,11.1872
vertical_wind,ink_bottom,184.884,7.3820
vertical_wind,ink_top,184.884,11.9482
vertical_wind,ink_bottom,185.502,9.6651
vertical_wind,ink_top,185.502,12.7093
vertical_wind,ink_bottom,186.121,11.9482
vertical_wind,ink_top,186.121,13.4703
vertical_wind,ink_bottom,186.739,12.7093
vertical_wind,ink_top,186.739,14.9924
vertical_wind,ink_bottom,187.357,13.4703
vertical_wind,ink_top,187.357,18.0365
vertical_wind,ink_bottom,187.975,14.2314
vertical_wind,ink_top,187.975,20.3196
vertical_wind,ink_bottom,188.594,16.5145
vertical_wind,ink_top,188.594,20.3196
vertical_wind,ink_bottom,189.212,19.5586
vertical_wind,ink_top,189.212,21.0807
vertical_wind,ink_bottom,189.830,19.5586
vertical_wind,ink_top,189.830,21.0807
vertical_wind,ink_bottom,190.448,19.5586
vertical_wind,ink_top,190.448,21.0807
vertical_wind,ink_bottom,191.066,18.7976
vertical_wind,ink_top,191.066,20.3196
vertical_wind,ink_bottom,191.685,18.0365
vertical_wind,ink_top,191.685,20.3196
vertical_wind,ink_bottom,192.303,18.0365
vertical_wind,ink_top,192.303,20.3196
vertical_wind,ink_bottom,192.921,18.0365
vertical_wind,ink_top,192.921,22.6027
vertical_wind,ink_bottom,193.539,18.7976
vertical_wind,ink_top,193.539,23.3638
vertical_wind,ink_bottom,194.158,21.0807
vertical_wind,ink_top,194.158,23.3638
vertical_wind,ink_bottom,194.776,22.6027
vertical_wind,ink_top,194.776,23.3638
vertical_wind,ink_bottom,195.394,22.6027
vertical_wind,ink_top,195.394,23.3638
vertical_wind,ink_bottom,196.012,21.8417
vertical_wind,ink_top,196.012,23.3638
vertical_wind,ink_bottom,196.631,21.0807
vertical_wind,ink_top,196.631,22.6027
vertical_wind,ink_bottom,197.249,20.3196
vertical_wind,ink_top,197.249,23.3638
vertical_wind,ink_bottom,197.867,21.0807
vertical_wind,ink_top,197.867,25.6469
vertical_wind,ink_bottom,198.485,21.8417
vertical_wind,ink_top,198.485,25.6469
vertical_wind,ink_bottom,199.104,18.7976
vertical_wind,ink_top,199.104,25.6469
vertical_wind,ink_bottom,199.722,10.4262
vertical_wind,ink_top,199.722,25.6469
vertical_wind,ink_bottom,200.340,8.9041
vertical_wind,ink_top,200.340,23.3638
vertical_wind,ink_bottom,200.958,8.1431
vertical_wind,ink_top,200.958,17.2755
vertical_wind,ink_bottom,201.577,8.1431
vertical_wind,ink_top,201.577,10.4262
vertical_wind,ink_bottom,202.195,5.8600
vertical_wind,ink_top,202.195,10.4262
vertical_wind,ink_bottom,202.813,2.0548
vertical_wind,ink_top,202.813,10.4262
vertical_wind,ink_bottom,203.431,1.2938
vertical_wind,ink_top,203.431,8.9041
vertical_wind,ink_bottom,204.049,1.2938
vertical_wind,ink_top,204.049,4.3379
vertical_wind,ink_bottom,204.668,0.5327
vertical_wind,ink_top,204.668,3.5769
vertical_wind,ink_bottom,205.286,-0.2283
vertical_wind,ink_top,205.286,3.5769
vertical_wind,ink_bottom,205.904,0.5327
vertical_wind,ink_top,205.904,20.3196
vertical_wind,ink_bottom,206.522,1.2938
vertical_wind,ink_top,206.522,65.9817
vertical_wind,ink_bottom,207.141,4.3379
vertical_wind,ink_top,207.141,65.9817
vertical_wind,ink_bottom,207.759,-25.3425
vertical_wind,ink_top,207.759,65.9817
vertical_wind,ink_bottom,208.377,-58.8280
vertical_wind,ink_top,208.377,64.4597
vertical_wind,ink_bottom,208.995,-61.8721
vertical_wind,ink_top,208.995,36.3014
vertical_wind,ink_bottom,209.614,-61.1111
vertical_wind,ink_top,209.614,17.2755
vertical_wind,ink_bottom,210.232,-42.8463
vertical_wind,ink_top,210.232,37.8234
vertical_wind,ink_bottom,210.850,4.3379
vertical_wind,ink_top,210.850,42.3896
vertical_wind,ink_bottom,211.468,18.0365
vertical_wind,ink_top,211.468,59.1324
vertical_wind,ink_bottom,212.087,26.4079
vertical_wind,ink_top,212.087,65.9817
vertical_wind,ink_bottom,212.705,-29.9087
vertical_wind,ink_top,212.705,65.9817
vertical_wind,ink_bottom,213.323,-73.2877
vertical_wind,ink_top,213.323,65.9817
vertical_wind,ink_bottom,213.941,-94.5967
vertical_wind,ink_top,213.941,47.7169
vertical_wind,ink_bottom,214.560,-94.5967
vertical_wind,ink_top,214.560,-33.7139
vertical_wind,ink_bottom,215.178,-93.8356
vertical_wind,ink_top,215.178,-41.3242
vertical_wind,ink_bottom,215.796,-69.4825
vertical_wind,ink_top,215.796,-29.9087
vertical_wind,ink_bottom,216.414,-49.6956
vertical_wind,ink_top,216.414,-26.1035
vertical_wind,ink_bottom,217.032,-39.8021
vertical_wind,ink_top,217.032,-16.9711
vertical_wind,ink_bottom,217.651,-28.3866
vertical_wind,ink_top,217.651,-14.6880
vertical_wind,ink_bottom,218.269,-24.5814
vertical_wind,ink_top,218.269,-13.1659
vertical_wind,ink_bottom,218.887,-16.2100
vertical_wind,ink_top,218.887,-0.2283
vertical_wind,ink_bottom,219.505,-15.4490
vertical_wind,ink_top,219.505,5.8600
vertical_wind,ink_bottom,220.124,-13.9269
vertical_wind,ink_top,220.124,6.6210
vertical_wind,ink_bottom,220.742,-5.5556
vertical_wind,ink_top,220.742,6.6210
vertical_wind,ink_bottom,221.360,-4.7945
vertical_wind,ink_top,221.360,8.1431
vertical_wind,ink_bottom,221.978,-4.0335
vertical_wind,ink_top,221.978,15.7534
vertical_wind,ink_bottom,222.597,-10.1218
vertical_wind,ink_top,222.597,16.5145
vertical_wind,ink_bottom,223.215,-23.0594
vertical_wind,ink_top,223.215,16.5145
vertical_wind,ink_bottom,223.833,-23.8204
vertical_wind,ink_top,223.833,15.7534
vertical_wind,ink_bottom,224.451,-23.0594
vertical_wind,ink_top,224.451,-0.9893
vertical_wind,ink_bottom,225.070,-22.2983
vertical_wind,ink_top,225.070,-0.2283
vertical_wind,ink_bottom,225.688,-13.1659
vertical_wind,ink_top,225.688,-0.2283
vertical_wind,ink_bottom,226.306,-11.6438
vertical_wind,ink_top,226.306,-0.9893
vertical_wind,ink_bottom,226.924,-11.6438
vertical_wind,ink_top,226.924,-6.3166
vertical_wind,ink_bottom,227.543,-10.8828
vertical_wind,ink_top,227.543,2.0548
vertical_wind,ink_bottom,228.161,-7.0776
vertical_wind,ink_top,228.161,5.8600
vertical_wind,ink_bottom,228.779,2.8158
vertical_wind,ink_top,228.779,18.7976
vertical_wind,ink_bottom,229.397,6.6210
vertical_wind,ink_top,229.397,19.5586
vertical_wind,ink_bottom,230.015,-4.7945
vertical_wind,ink_top,230.015,19.5586
vertical_wind,ink_bottom,230.634,-5.5556
vertical_wind,ink_top,230.634,12.7093
vertical_wind,ink_bottom,231.252,-5.5556
vertical_wind,ink_top,231.252,11.1872
vertical_wind,ink_bottom,231.870,0.5327
vertical_wind,ink_top,231.870,17.2755
vertical_wind,ink_bottom,232.488,5.8600
vertical_wind,ink_top,232.488,19.5586
vertical_wind,ink_bottom,233.107,11.1872
vertical_wind,ink_top,233.107,19.5586
vertical_wind,ink_bottom,233.725,11.1872
vertical_wind,ink_top,233.725,19.5586
vertical_wind,ink_bottom,234.343,11.9482
vertical_wind,ink_top,234.343,27.1689
vertical_wind,ink_bottom,234.961,13.4703
vertical_wind,ink_top,234.961,28.6910
vertical_wind,ink_bottom,235.580,-10.1218
vertical_wind,ink_top,235.580,28.6910
vertical_wind,ink_bottom,236.198,-10.8828
vertical_wind,ink_top,236.198,24.1248
vertical_wind,ink_bottom,236.816,-10.8828
vertical_wind,ink_top,236.816,8.9041
vertical_wind,ink_bottom,237.434,-2.5114
vertical_wind,ink_top,237.434,13.4703
vertical_wind,ink_bottom,238.053,3.5769
vertical_wind,ink_top,238.053,22.6027
vertical_wind,ink_bottom,238.671,9.6651
vertical_wind,ink_top,238.671,25.6469
vertical_wind,ink_bottom,239.289,2.0548
vertical_wind,ink_top,239.289,25.6469
vertical_wind,ink_bottom,239.907,-7.0776
vertical_wind,ink_top,239.907,14.9924
vertical_wind,ink_bottom,240.526,-10.1218
vertical_wind,ink_top,240.526,5.8600
vertical_wind,ink_bottom,241.144,-9.3607
vertical_wind,ink_top,241.144,5.0989
vertical_wind,ink_bottom,241.762,0.5327
vertical_wind,ink_top,241.762,12.7093
vertical_wind,ink_bottom,242.380,-0.9893
vertical_wind,ink_top,242.380,13.4703
vertical_wind,ink_bottom,242.998,-2.5114
vertical_wind,ink_top,242.998,13.4703
vertical_wind,ink_bottom,243.617,-2.5114
vertical_wind,ink_top,243.617,7.3820
vertical_wind,ink_bottom,244.235,0.5327
vertical_wind,ink_top,244.235,3.5769
vertical_wind,ink_bottom,244.853,2.0548
vertical_wind,ink_top,244.853,5.0989
vertical_wind,ink_bottom,245.471,2.8158
vertical_wind,ink_top,245.471,6.6210
vertical_wind,ink_bottom,246.090,0.5327
vertical_wind,ink_top,246.090,7.3820
vertical_wind,ink_bottom,246.708,-6.3166
vertical_wind,ink_top,246.708,7.3820
vertical_wind,ink_bottom,247.326,-8.5997
vertical_wind,ink_top,247.326,6.6210
vertical_wind,ink_bottom,247.944,-9.3607
vertical_wind,ink_top,247.944,1.2938
vertical_wind,ink_bottom,248.563,-7.8387
vertical_wind,ink_top,248.563,2.8158
vertical_wind,ink_bottom,249.181,-6.3166
vertical_wind,ink_top,249.181,2.8158
vertical_wind,ink_bottom,249.799,-13.1659
vertical_wind,ink_top,249.799,2.8158
vertical_wind,ink_bottom,250.417,-13.1659
vertical_wind,ink_top,250.417,-4.0335
vertical_wind,ink_bottom,251.036,-12.4049
vertical_wind,ink_top,251.036,-4.0335
vertical_wind,ink_bottom,251.654,-6.3166
vertical_wind,ink_top,251.654,-1.7504
vertical_wind,ink_bottom,252.272,-4.7945
vertical_wind,ink_top,252.272,-1.7504
vertical_wind,ink_bottom,252.890,-4.7945
vertical_wind,ink_top,252.890,-3.2725
vertical_wind,ink_bottom,253.509,-6.3166
vertical_wind,ink_top,253.509,-3.2725
vertical_wind,ink_bottom,254.127,-6.3166
vertical_wind,ink_top,254.127,-3.2725
vertical_wind,ink_bottom,254.745,-6.3166
vertical_wind,ink_top,254.745,2.0548
vertical_wind,ink_bottom,255.363,-4.0335
vertical_wind,ink_top,255.363,5.0989
vertical_wind,ink_bottom,255.981,1.2938
vertical_wind,ink_top,255.981,8.1431
vertical_wind,ink_bottom,256.600,0.5327
vertical_wind,ink_top,256.600,8.1431
vertical_wind,ink_bottom,257.218,-4.7945
vertical_wind,ink_top,257.218,8.1431
vertical_wind,ink_bottom,257.836,-7.0776
vertical_wind,ink_top,257.836,4.3379
vertical_wind,ink_bottom,258.454,-7.0776
vertical_wind,ink_top,258.454,-3.2725
vertical_wind,ink_bottom,259.073,-10.8828
vertical_wind,ink_top,259.073,-4.0335
vertical_wind,ink_bottom,259.691,-12.4049
vertical_wind,ink_top,259.691,-6.3166
vertical_wind,ink_bottom,260.309,-12.4049
vertical_wind,ink_top,260.309,-7.0776
vertical_wind,ink_bottom,260.927,-12.4049
vertical_wind,ink_top,260.927,-0.2283
vertical_wind,ink_bottom,261.546,-7.0776
vertical_wind,ink_top,261.546,1.2938
vertical_wind,ink_bottom,262.164,-5.5556
vertical_wind,ink_top,262.164,1.2938
vertical_wind,ink_bottom,262.782,-5.5556
vertical_wind,ink_top,262.782,-0.2283
vertical_wind,ink_bottom,263.400,-5.5556
vertical_wind,ink_top,263.400,-0.9893
vertical_wind,ink_bottom,264.019,-4.7945
vertical_wind,ink_top,264.019,0.5327
vertical_wind,ink_bottom,264.637,-5.5556
vertical_wind,ink_top,264.637,0.5327
vertical_wind,ink_bottom,265.255,-6.3166
vertical_wind,ink_top,265.255,-2.5114
vertical_wind,ink_bottom,265.873,-7.0776
vertical_wind,ink_top,265.873,-4.7945
vertical_wind,ink_bottom,266.491,-13.1659
vertical_wind,ink_top,266.491,-5.5556
vertical_wind,ink_bottom,267.110,-17.7321
vertical_wind,ink_top,267.110,-6.3166
vertical_wind,ink_bottom,267.728,-18.4932
vertical_wind,ink_top,267.728,-11.6438
vertical_wind,ink_bottom,268.346,-17.7321
vertical_wind,ink_top,268.346,-12.4049
vertical_wind,ink_bottom,268.964,-15.4490
vertical_wind,ink_top,268.964,-10.8828
vertical_wind,ink_bottom,269.583,-16.2100
vertical_wind,ink_top,269.583,-10.8828
vertical_wind,ink_bottom,270.201,-18.4932
vertical_wind,ink_top,270.201,-12.4049
vertical_wind,ink_bottom,270.819,-18.4932
vertical_wind,ink_top,270.819,-13.1659
vertical_wind,ink_bottom,271.437,-17.7321
vertical_wind,ink_top,271.437,-10.8828
vertical_wind,ink_bottom,272.056,-15.4490
vertical_wind,ink_top,272.056,-10.8828
vertical_wind,ink_bottom,272.674,-18.4932
vertical_wind,ink_top,272.674,-10.8828
vertical_wind,ink_bottom,273.292,-20.7763
vertical_wind,ink_top,273.292,-13.9269
vertical_wind,ink_bottom,273.910,-21.5373
vertical_wind,ink_top,273.910,-15.4490
vertical_wind,ink_bottom,274.529,-20.7763
vertical_wind,ink_top,274.529,-16.2100
vertical_wind,ink_bottom,275.147,-21.5373
vertical_wind,ink_top,275.147,-16.9711
vertical_wind,ink_bottom,275.765,-21.5373
vertical_wind,ink_top,275.765,-15.4490
vertical_wind,ink_bottom,276.383,-18.4932
vertical_wind,ink_top,276.383,-13.9269
vertical_wind,ink_bottom,277.002,-18.4932
vertical_wind,ink_top,277.002,-13.9269
vertical_wind,ink_bottom,277.620,-20.0152
vertical_wind,ink_top,277.620,-14.6880
vertical_wind,ink_bottom,278.238,-20.7763
vertical_wind,ink_top,278.238,-16.9711
vertical_wind,ink_bottom,278.856,-20.0152
vertical_wind,ink_top,278.856,-16.9711
vertical_wind,ink_bottom,279.474,-20.0152
vertical_wind,ink_top,279.474,-13.9269
vertical_wind,ink_bottom,280.093,-17.7321
vertical_wind,ink_top,280.093,-13.1659
vertical_wind,ink_bottom,280.711,-18.4932
vertical_wind,ink_top,280.711,-13.1659
vertical_wind,ink_bottom,281.329,-20.0152
vertical_wind,ink_top,281.329,-15.4490
vertical_wind,ink_bottom,281.947,-19.2542
vertical_wind,ink_top,281.947,-16.9711
vertical_wind,ink_bottom,282.566,-18.4932
vertical_wind,ink_top,282.566,-16.9711
vertical_wind,ink_bottom,283.184,-17.7321
vertical_wind,ink_top,283.184,-14.6880
vertical_wind,ink_bottom,283.802,-16.9711
vertical_wind,ink_top,283.802,-12.4049
vertical_wind,ink_bottom,284.420,-13.9269
vertical_wind,ink_top,284.420,-10.8828
vertical_wind,ink_bottom,285.039,-13.1659
vertical_wind,ink_top,285.039,-10.8828
vertical_wind,ink_bottom,285.657,-13.1659
vertical_wind,ink_top,285.657,-8.5997
vertical_wind,ink_bottom,286.275,-11.6438
vertical_wind,ink_top,286.275,-7.0776
vertical_wind,ink_bottom,286.893,-9.3607
vertical_wind,ink_top,286.893,-7.0776
vertical_wind,ink_bottom,287.512,-11.6438
vertical_wind,ink_top,287.512,-7.0776
vertical_wind,ink_bottom,288.130,-12.4049
vertical_wind,ink_top,288.130,-7.0776
vertical_wind,ink_bottom,288.748,-11.6438
vertical_wind,ink_top,288.748,-8.5997
vertical_wind,ink_bottom,289.366,-11.6438
vertical_wind,ink_top,289.366,-9.3607
vertical_wind,ink_bottom,289.985,-11.6438
vertical_wind,ink_top,289.985,-9.3607
vertical_wind,ink_bottom,290.603,-12.4049
vertical_wind,ink_top,290.603,-10.1218
vertical_wind,ink_bottom,291.221,-13.1659
vertical_wind,ink_top,291.221,-10.8828
vertical_wind,ink_bottom,291.839,-13.1659
vertical_wind,ink_top,291.839,-10.8828
vertical_wind,ink_bottom,292.457,-12.4049
vertical_wind,ink_top,292.457,-11.6438
vertical_wind,ink_bottom,293.076,-12.4049
vertical_wind,ink_top,293.076,-10.8828
vertical_wind,ink_bottom,293.694,-11.6438
vertical_wind,ink_top,293.694,-10.1218
vertical_wind,ink_bottom,294.312,-10.8828
vertical_wind,ink_top,294.312,-10.1218
vertical_wind,ink_bottom,294.930,-10.8828
vertical_wind,ink_top,294.930,-9.3607
vertical_wind,ink_bottom,295.549,-10.1218
vertical_wind,ink_top,295.549,-7.0776
vertical_wind,ink_bottom,296.167,-9.3607
vertical_wind,ink_top,296.167,-4.7945
vertical_wind,ink_bottom,296.785,-7.0776
vertical_wind,ink_top,296.785,-4.0335
vertical_wind,ink_bottom,297.403,-4.7945
vertical_wind,ink_top,297.403,-3.2725
vertical_wind,ink_bottom,298.022,-4.7945
vertical_wind,ink_top,298.022,-3.2725
vertical_wind,ink_bottom,298.640,-5.5556
vertical_wind,ink_top,298.640,-3.2725
true_airspeed,ink_bottom,1.089,481.6988
true_airspeed,ink_top,1.089,481.6988
true_airspeed,ink_bottom,1.709,481.6988
true_airspeed,ink_top,1.709,482.3166
true_airspeed,ink_bottom,2.329,481.6988
true_airspeed,ink_top,2.329,481.6988
true_airspeed,ink_bottom,2.950,481.6988
true_airspeed,ink_top,2.950,481.6988
true_airspeed,ink_bottom,3.570,481.0811
true_airspeed,ink_top,3.570,481.6988
true_airspeed,ink_bottom,4.190,481.0811
true_airspeed,ink_top,4.190,481.6988
true_airspeed,ink_bottom,4.810,480.4633
true_airspeed,ink_top,4.810,481.0811
true_airspeed,ink_bottom,5.430,480.4633
true_airspeed,ink_top,5.430,481.0811
true_airspeed,ink_bottom,6.050,479.8456
true_airspeed,ink_top,6.050,480.4633
true_airspeed,ink_bottom,6.670,479.8456
true_airspeed,ink_top,6.670,480.4633
true_airspeed,ink_bottom,7.290,479.8456
true_airspeed,ink_top,7.290,480.4633
true_airspeed,ink_bottom,7.910,480.4633
true_airspeed,ink_top,7.910,481.0811
true_airspeed,ink_bottom,8.530,480.4633
true_airspeed,ink_top,8.530,481.0811
true_airspeed,ink_bottom,9.150,480.4633
true_airspeed,ink_top,9.150,481.0811
true_airspeed,ink_bottom,9.770,480.4633
true_airspeed,ink_top,9.770,481.0811
true_airspeed,ink_bottom,10.390,481.0811
true_airspeed,ink_top,10.390,481.0811
true_airspeed,ink_bottom,11.010,481.0811
true_airspeed,ink_top,11.010,481.6988
true_airspeed,ink_bottom,11.630,481.0811
true_airspeed,ink_top,11.630,481.6988
true_airspeed,ink_bottom,12.250,481.0811
true_airspeed,ink_top,12.250,481.6988
true_airspeed,ink_bottom,12.870,481.0811
true_airspeed,ink_top,12.870,481.6988
true_airspeed,ink_bottom,13.490,481.0811
true_airspeed,ink_top,13.490,481.0811
true_airspeed,ink_bottom,14.110,481.0811
true_airspeed,ink_top,14.110,481.0811
true_airspeed,ink_bottom,14.730,481.0811
true_airspeed,ink_top,14.730,481.0811
true_airspeed,ink_bottom,15.350,481.0811
true_airspeed,ink_top,15.350,481.0811
true_airspeed,ink_bottom,15.970,481.0811
true_airspeed,ink_top,15.970,481.6988
true_airspeed,ink_bottom,16.590,480.4633
true_airspeed,ink_top,16.590,481.0811
true_airspeed,ink_bottom,17.210,480.4633
true_airspeed,ink_top,17.210,481.0811
true_airspeed,ink_bottom,17.830,480.4633
true_airspeed,ink_top,17.830,481.0811
true_airspeed,ink_bottom,18.450,480.4633
true_airspeed,ink_top,18.450,481.0811
true_airspeed,ink_bottom,19.070,481.0811
true_airspeed,ink_top,19.070,481.6988
true_airspeed,ink_bottom,19.690,481.0811
true_airspeed,ink_top,19.690,481.6988
true_airspeed,ink_bottom,20.310,481.0811
true_airspeed,ink_top,20.310,481.6988
true_airspeed,ink_bottom,20.930,481.0811
true_airspeed,ink_top,20.930,481.6988
true_airspeed,ink_bottom,21.550,480.4633
true_airspeed,ink_top,21.550,481.0811
true_airspeed,ink_bottom,22.170,480.4633
true_airspeed,ink_top,22.170,481.0811
true_airspeed,ink_bottom,22.790,479.8456
true_airspeed,ink_top,22.790,480.4633
true_airspeed,ink_bottom,23.410,479.8456
true_airspeed,ink_top,23.410,480.4633
true_airspeed,ink_bottom,24.030,479.8456
true_airspeed,ink_top,24.030,480.4633
true_airspeed,ink_bottom,24.650,479.8456
true_airspeed,ink_top,24.650,480.4633
true_airspeed,ink_bottom,25.270,479.8456
true_airspeed,ink_top,25.270,480.4633
true_airspeed,ink_bottom,25.890,480.4633
true_airspeed,ink_top,25.890,480.4633
true_airspeed,ink_bottom,26.510,479.8456
true_airspeed,ink_top,26.510,480.4633
true_airspeed,ink_bottom,27.130,479.8456
true_airspeed,ink_top,27.130,480.4633
true_airspeed,ink_bottom,27.750,479.2278
true_airspeed,ink_top,27.750,479.8456
true_airspeed,ink_bottom,28.370,479.2278
true_airspeed,ink_top,28.370,479.8456
true_airspeed,ink_bottom,28.990,479.2278
true_airspeed,ink_top,28.990,479.8456
true_airspeed,ink_bottom,29.610,479.2278
true_airspeed,ink_top,29.610,479.8456
true_airspeed,ink_bottom,30.230,479.2278
true_airspeed,ink_top,30.230,479.8456
true_airspeed,ink_bottom,30.850,479.8456
true_airspeed,ink_top,30.850,480.4633
true_airspeed,ink_bottom,31.470,480.4633
true_airspeed,ink_top,31.470,481.0811
true_airspeed,ink_bottom,32.090,480.4633
true_airspeed,ink_top,32.090,481.0811
true_airspeed,ink_bottom,32.710,479.8456
true_airspeed,ink_top,32.710,480.4633
true_airspeed,ink_bottom,33.330,479.8456
true_airspeed,ink_top,33.330,480.4633
true_airspeed,ink_bottom,33.950,479.8456
true_airspeed,ink_top,33.950,480.4633
true_airspeed,ink_bottom,34.570,479.8456
true_airspeed,ink_top,34.570,480.4633
true_airspeed,ink_bottom,35.190,479.8456
true_airspeed,ink_top,35.190,480.4633
true_airspeed,ink_bottom,35.810,479.8456
true_airspeed,ink_top,35.810,480.4633
true_airspeed,ink_bottom,36.430,479.8456
true_airspeed,ink_top,36.430,480.4633
true_airspeed,ink_bottom,37.050,479.8456
true_airspeed,ink_top,37.050,479.8456
true_airspeed,ink_bottom,37.671,479.2278
true_airspeed,ink_top,37.671,479.8456
true_airspeed,ink_bottom,38.291,479.2278
true_airspeed,ink_top,38.291,479.8456
true_airspeed,ink_bottom,38.911,479.2278
true_airspeed,ink_top,38.911,479.8456
true_airspeed,ink_bottom,39.531,479.8456
true_airspeed,ink_top,39.531,479.8456
true_airspeed,ink_bottom,40.151,479.8456
true_airspeed,ink_top,40.151,479.8456
true_airspeed,ink_bottom,40.771,479.8456
true_airspeed,ink_top,40.771,479.8456
true_airspeed,ink_bottom,41.391,479.8456
true_airspeed,ink_top,41.391,479.8456
true_airspeed,ink_bottom,42.011,479.8456
true_airspeed,ink_top,42.011,479.8456
true_airspeed,ink_bottom,42.631,479.2278
true_airspeed,ink_top,42.631,479.8456
true_airspeed,ink_bottom,43.251,479.2278
true_airspeed,ink_top,43.251,479.8456
true_airspeed,ink_bottom,43.871,479.2278
true_airspeed,ink_top,43.871,479.8456
true_airspeed,ink_bottom,44.491,479.2278
true_airspeed,ink_top,44.491,479.8456
true_airspeed,ink_bottom,45.111,479.2278
true_airspeed,ink_top,45.111,479.8456
true_airspeed,ink_bottom,45.731,479.8456
true_airspeed,ink_top,45.731,479.8456
true_airspeed,ink_bottom,46.351,479.8456
true_airspeed,ink_top,46.351,479.8456
true_airspeed,ink_bottom,46.971,479.2278
true_airspeed,ink_top,46.971,479.8456
true_airspeed,ink_bottom,47.591,479.2278
true_airspeed,ink_top,47.591,479.8456
true_airspeed,ink_bottom,48.211,479.2278
true_airspeed,ink_top,48.211,479.8456
true_airspeed,ink_bottom,48.831,479.2278
true_airspeed,ink_top,48.831,479.8456
true_airspeed,ink_bottom,49.451,479.2278
true_airspeed,ink_top,49.451,479.8456
true_airspeed,ink_bottom,50.071,479.2278
true_airspeed,ink_top,50.071,479.8456
true_airspeed,ink_bottom,50.691,479.2278
true_airspeed,ink_top,50.691,479.2278
true_airspeed,ink_bottom,51.311,478.6100
true_airspeed,ink_top,51.311,479.2278
true_airspeed,ink_bottom,51.931,478.6100
true_airspeed,ink_top,51.931,479.2278
true_airspeed,ink_bottom,52.551,478.6100
true_airspeed,ink_top,52.551,479.2278
true_airspeed,ink_bottom,53.171,479.2278
true_airspeed,ink_top,53.171,479.2278
true_airspeed,ink_bottom,53.791,479.2278
true_airspeed,ink_top,53.791,479.2278
true_airspeed,ink_bottom,54.411,479.2278
true_airspeed,ink_top,54.411,479.8456
true_airspeed,ink_bottom,55.031,479.2278
true_airspeed,ink_top,55.031,479.8456
true_airspeed,ink_bottom,55.651,479.2278
true_airspeed,ink_top,55.651,479.8456
true_airspeed,ink_bottom,56.271,479.8456
true_airspeed,ink_top,56.271,479.8456
true_airspeed,ink_bottom,56.891,479.8456
true_airspeed,ink_top,56.891,480.4633
true_airspeed,ink_bottom,57.511,479.8456
true_airspeed,ink_top,57.511,480.4633
true_airspeed,ink_bottom,58.131,480.4633
true_airspeed,ink_top,58.131,480.4633
true_airspeed,ink_bottom,58.751,480.4633
true_airspeed,ink_top,58.751,480.4633
true_airspeed,ink_bottom,59.371,479.8456
true_airspeed,ink_top,59.371,480.4633
true_airspeed,ink_bottom,59.991,479.8456
true_airspeed,ink_top,59.991,480.4633
true_airspeed,ink_bottom,60.611,479.2278
true_airspeed,ink_top,60.611,479.8456
true_airspeed,ink_bottom,61.231,479.2278
true_airspeed,ink_top,61.231,479.8456
true_airspeed,ink_bottom,61.851,479.2278
true_airspeed,ink_top,61.851,479.8456
true_airspeed,ink_bottom,62.471,479.2278
true_airspeed,ink_top,62.471,479.8456
true_airspeed,ink_bottom,63.091,479.8456
true_airspeed,ink_top,63.091,480.4633
true_airspeed,ink_bottom,63.711,479.8456
true_airspeed,ink_top,63.711,480.4633
true_airspeed,ink_bottom,64.331,479.8456
true_airspeed,ink_top,64.331,480.4633
true_airspeed,ink_bottom,64.951,480.4633
true_airspeed,ink_top,64.951,480.4633
true_airspeed,ink_bottom,65.571,480.4633
true_airspeed,ink_top,65.571,480.4633
true_airspeed,ink_bottom,66.191,480.4633
true_airspeed,ink_top,66.191,481.0811
true_airspeed,ink_bottom,66.811,480.4633
true_airspeed,ink_top,66.811,481.0811
true_airspeed,ink_bottom,67.431,481.0811
true_airspeed,ink_top,67.431,481.0811
true_airspeed,ink_bottom,68.051,480.4633
true_airspeed,ink_top,68.051,481.0811
true_airspeed,ink_bottom,68.671,481.0811
true_airspeed,ink_top,68.671,481.0811
true_airspeed,ink_bottom,69.291,481.0811
true_airspeed,ink_top,69.291,481.6988
true_airspeed,ink_bottom,69.911,481.0811
true_airspeed,ink_top,69.911,481.0811
true_airspeed,ink_bottom,70.531,481.0811
true_airspeed,ink_top,70.531,481.0811
true_airspeed,ink_bottom,71.151,481.0811
true_airspeed,ink_top,71.151,481.0811
true_airspeed,ink_bottom,71.771,481.0811
true_airspeed,ink_top,71.771,481.0811
true_airspeed,ink_bottom,72.391,481.0811
true_airspeed,ink_top,72.391,481.0811
true_airspeed,ink_bottom,73.012,481.0811
true_airspeed,ink_top,73.012,481.6988
true_airspeed,ink_bottom,73.632,481.0811
true_airspeed,ink_top,73.632,481.0811
true_airspeed,ink_bottom,74.252,481.0811
true_airspeed,ink_top,74.252,481.0811
true_airspeed,ink_bottom,74.872,481.0811
true_airspeed,ink_top,74.872,481.0811
true_airspeed,ink_bottom,75.492,481.0811
true_airspeed,ink_top,75.492,481.0811
true_airspeed,ink_bottom,76.112,481.0811
true_airspeed,ink_top,76.112,481.6988
true_airspeed,ink_bottom,76.732,481.6988
true_airspeed,ink_top,76.732,482.3166
true_airspeed,ink_bottom,77.352,481.6988
true_airspeed,ink_top,77.352,482.3166
true_airspeed,ink_bottom,77.972,481.6988
true_airspeed,ink_top,77.972,482.3166
true_airspeed,ink_bottom,78.592,481.6988
true_airspeed,ink_top,78.592,482.3166
true_airspeed,ink_bottom,79.212,481.6988
true_airspeed,ink_top,79.212,482.3166
true_airspeed,ink_bottom,79.832,481.6988
true_airspeed,ink_top,79.832,482.3166
true_airspeed,ink_bottom,80.452,481.6988
true_airspeed,ink_top,80.452,482.3166
true_airspeed,ink_bottom,81.072,481.6988
true_airspeed,ink_top,81.072,482.3166
true_airspeed,ink_bottom,81.692,482.3166
true_airspeed,ink_top,81.692,482.3166
true_airspeed,ink_bottom,82.312,482.3166
true_airspeed,ink_top,82.312,482.3166
true_airspeed,ink_bottom,82.932,482.3166
true_airspeed,ink_top,82.932,482.9344
true_airspeed,ink_bottom,83.552,482.9344
true_airspeed,ink_top,83.552,482.9344
true_airspeed,ink_bottom,84.172,482.9344
true_airspeed,ink_top,84.172,483.5521
true_airspeed,ink_bottom,84.792,483.5521
true_airspeed,ink_top,84.792,483.5521
true_airspeed,ink_bottom,85.412,483.5521
true_airspeed,ink_top,85.412,484.1699
true_airspeed,ink_bottom,86.032,483.5521
true_airspeed,ink_top,86.032,484.1699
true_airspeed,ink_bottom,86.652,483.5521
true_airspeed,ink_top,86.652,484.1699
true_airspeed,ink_bottom,87.272,483.5521
true_airspeed,ink_top,87.272,484.1699
true_airspeed,ink_bottom,87.892,483.5521
true_airspeed,ink_top,87.892,484.1699
true_airspeed,ink_bottom,88.512,484.1699
true_airspeed,ink_top,88.512,484.1699
true_airspeed,ink_bottom,89.132,484.1699
true_airspeed,ink_top,89.132,484.1699
true_airspeed,ink_bottom,89.752,484.1699
true_airspeed,ink_top,89.752,484.1699
true_airspeed,ink_bottom,90.372,484.1699
true_airspeed,ink_top,90.372,484.7876
true_airspeed,ink_bottom,90.992,484.1699
true_airspeed,ink_top,90.992,484.7876
true_airspeed,ink_bottom,91.612,484.1699
true_airspeed,ink_top,91.612,484.1699
true_airspeed,ink_bottom,92.232,484.1699
true_airspeed,ink_top,92.232,484.1699
true_airspeed,ink_bottom,92.852,484.1699
true_airspeed,ink_top,92.852,484.1699
true_airspeed,ink_bottom,93.472,484.1699
true_airspeed,ink_top,93.472,484.1699
true_airspeed,ink_bottom,94.092,484.1699
true_airspeed,ink_top,94.092,484.1699
true_airspeed,ink_bottom,94.712,484.1699
true_airspeed,ink_top,94.712,484.7876
true_airspeed,ink_bottom,95.332,484.1699
true_airspeed,ink_top,95.332,484.7876
true_airspeed,ink_bottom,95.952,484.7876
true_airspeed,ink_top,95.952,484.7876
true_airspeed,ink_bottom,96.572,484.7876
true_airspeed,ink_top,96.572,485.4054
true_airspeed,ink_bottom,97.192,485.4054
true_airspeed,ink_top,97.192,485.4054
true_airspeed,ink_bottom,97.812,485.4054
true_airspeed,ink_top,97.812,485.4054
true_airspeed,ink_bottom,98.432,485.4054
true_airspeed,ink_top,98.432,486.0232
true_airspeed,ink_bottom,99.052,485.4054
true_airspeed,ink_top,99.052,486.0232
true_airspeed,ink_bottom,99.672,485.4054
true_airspeed,ink_top,99.672,486.0232
true_airspeed,ink_bottom,100.292,486.0232
true_airspeed,ink_top,100.292,486.0232
true_airspeed,ink_bottom,100.912,485.4054
true_airspeed,ink_top,100.912,486.0232
true_airspeed,ink_bottom,101.532,485.4054
true_airspeed,ink_top,101.532,486.0232
true_airspeed,ink_bottom,102.152,485.4054
true_airspeed,ink_top,102.152,486.0232
true_airspeed,ink_bottom,102.772,485.4054
true_airspeed,ink_top,102.772,486.0232
true_airspeed,ink_bottom,103.392,485.4054
true_airspeed,ink_top,103.392,486.0232
true_airspeed,ink_bottom,104.012,485.4054
true_airspeed,ink_top,104.012,486.0232
true_airspeed,ink_bottom,104.632,485.4054
true_airspeed,ink_top,104.632,485.4054
true_airspeed,ink_bottom,105.252,485.4054
true_airspeed,ink_top,105.252,485.4054
true_airspeed,ink_bottom,105.872,485.4054
true_airspeed,ink_top,105.872,485.4054
true_airspeed,ink_bottom,106.492,485.4054
true_airspeed,ink_top,106.492,485.4054
true_airspeed,ink_bottom,107.112,485.4054
true_airspeed,ink_top,107.112,486.0232
true_airspeed,ink_bottom,107.733,485.4054
true_airspeed,ink_top,107.733,486.0232
true_airspeed,ink_bottom,108.353,486.0232
true_airspeed,ink_top,108.353,486.0232
true_airspeed,ink_bottom,108.973,486.0232
true_airspeed,ink_top,108.973,486.0232
true_airspeed,ink_bottom,109.593,486.0232
true_airspeed,ink_top,109.593,486.0232
true_airspeed,ink_bottom,110.213,486.0232
true_airspeed,ink_top,110.213,486.0232
true_airspeed,ink_bottom,110.833,486.0232
true_airspeed,ink_top,110.833,486.0232
true_airspeed,ink_bottom,111.453,486.0232
true_airspeed,ink_top,111.453,486.0232
true_airspeed,ink_bottom,112.073,486.0232
true_airspeed,ink_top,112.073,486.0232
true_airspeed,ink_bottom,112.693,486.0232
true_airspeed,ink_top,112.693,486.0232
true_airspeed,ink_bottom,113.313,486.0232
true_airspeed,ink_top,113.313,486.0232
true_airspeed,ink_bottom,113.933,486.0232
true_airspeed,ink_top,113.933,486.0232
true_airspeed,ink_bottom,114.553,486.0232
true_airspeed,ink_top,114.553,486.0232
true_airspeed,ink_bottom,115.173,486.0232
true_airspeed,ink_top,115.173,486.0232
true_airspeed,ink_bottom,115.793,486.0232
true_airspeed,ink_top,115.793,486.0232
true_airspeed,ink_bottom,116.413,486.0232
true_airspeed,ink_top,116.413,486.6409
true_airspeed,ink_bottom,117.033,486.0232
true_airspeed,ink_top,117.033,486.6409
true_airspeed,ink_bottom,117.653,486.6409
true_airspeed,ink_top,117.653,487.2587
true_airspeed,ink_bottom,118.273,486.6409
true_airspeed,ink_top,118.273,487.2587
true_airspeed,ink_bottom,118.893,487.2587
true_airspeed,ink_top,118.893,487.2587
true_airspeed,ink_bottom,119.513,486.6409
true_airspeed,ink_top,119.513,487.2587
true_airspeed,ink_bottom,120.133,486.6409
true_airspeed,ink_top,120.133,487.2587
true_airspeed,ink_bottom,120.753,486.6409
true_airspeed,ink_top,120.753,487.2587
true_airspeed,ink_bottom,121.373,486.6409
true_airspeed,ink_top,121.373,487.2587
true_airspeed,ink_bottom,121.993,486.6409
true_airspeed,ink_top,121.993,486.6409
true_airspeed,ink_bottom,122.613,486.6409
true_airspeed,ink_top,122.613,486.6409
true_airspeed,ink_bottom,123.233,486.6409
true_airspeed,ink_top,123.233,487.2587
true_airspeed,ink_bottom,123.853,486.6409
true_airspeed,ink_top,123.853,486.6409
true_airspeed,ink_bottom,124.473,486.6409
true_airspeed,ink_top,124.473,486.6409
true_airspeed,ink_bottom,125.093,486.6409
true_airspeed,ink_top,125.093,486.6409
true_airspeed,ink_bottom,125.713,486.6409
true_airspeed,ink_top,125.713,486.6409
true_airspeed,ink_bottom,126.333,486.6409
true_airspeed,ink_top,126.333,487.2587
true_airspeed,ink_bottom,126.953,486.6409
true_airspeed,ink_top,126.953,487.2587
true_airspeed,ink_bottom,127.573,487.2587
true_airspeed,ink_top,127.573,487.8764
true_airspeed,ink_bottom,128.193,487.2587
true_airspeed,ink_top,128.193,487.2587
true_airspeed,ink_bottom,128.813,487.2587
true_airspeed,ink_top,128.813,487.8764
true_airspeed,ink_bottom,129.433,487.2587
true_airspeed,ink_top,129.433,487.8764
true_airspeed,ink_bottom,130.053,487.2587
true_airspeed,ink_top,130.053,487.8764
true_airspeed,ink_bottom,130.673,487.2587
true_airspeed,ink_top,130.673,487.8764
true_airspeed,ink_bottom,131.293,487.2587
true_airspeed,ink_top,131.293,487.8764
true_airspeed,ink_bottom,131.913,487.2587
true_airspeed,ink_top,131.913,487.8764
true_airspeed,ink_bottom,132.533,487.2587
true_airspeed,ink_top,132.533,487.8764
true_airspeed,ink_bottom,133.153,486.6409
true_airspeed,ink_top,133.153,487.8764
true_airspeed,ink_bottom,133.773,486.6409
true_airspeed,ink_top,133.773,487.2587
true_airspeed,ink_bottom,134.393,486.6409
true_airspeed,ink_top,134.393,487.2587
true_airspeed,ink_bottom,135.013,486.6409
true_airspeed,ink_top,135.013,486.6409
true_airspeed,ink_bottom,135.633,486.6409
true_airspeed,ink_top,135.633,486.6409
true_airspeed,ink_bottom,136.253,486.6409
true_airspeed,ink_top,136.253,486.6409
true_airspeed,ink_bottom,136.873,486.0232
true_airspeed,ink_top,136.873,486.6409
true_airspeed,ink_bottom,137.493,486.0232
true_airspeed,ink_top,137.493,486.6409
true_airspeed,ink_bottom,138.113,486.0232
true_airspeed,ink_top,138.113,486.6409
true_airspeed,ink_bottom,138.733,486.0232
true_airspeed,ink_top,138.733,486.6409
true_airspeed,ink_bottom,139.353,486.0232
true_airspeed,ink_top,139.353,486.6409
true_airspeed,ink_bottom,139.973,486.0232
true_airspeed,ink_top,139.973,486.6409
true_airspeed,ink_bottom,140.593,486.6409
true_airspeed,ink_top,140.593,486.6409
true_airspeed,ink_bottom,141.213,486.6409
true_airspeed,ink_top,141.213,486.6409
true_airspeed,ink_bottom,141.833,486.0232
true_airspeed,ink_top,141.833,486.6409
true_airspeed,ink_bottom,142.453,486.0232
true_airspeed,ink_top,142.453,486.6409
true_airspeed,ink_bottom,143.074,486.0232
true_airspeed,ink_top,143.074,486.6409
true_airspeed,ink_bottom,143.694,486.6409
true_airspeed,ink_top,143.694,486.6409
true_airspeed,ink_bottom,144.314,486.6409
true_airspeed,ink_top,144.314,486.6409
true_airspeed,ink_bottom,144.934,486.6409
true_airspeed,ink_top,144.934,487.2587
true_airspeed,ink_bottom,145.554,486.6409
true_airspeed,ink_top,145.554,486.6409
true_airspeed,ink_bottom,146.174,486.6409
true_airspeed,ink_top,146.174,486.6409
true_airspeed,ink_bottom,146.794,486.6409
true_airspeed,ink_top,146.794,486.6409
true_airspeed,ink_bottom,147.414,486.6409
true_airspeed,ink_top,147.414,486.6409
true_airspeed,ink_bottom,148.034,486.6409
true_airspeed,ink_top,148.034,486.6409
true_airspeed,ink_bottom,148.654,486.6409
true_airspeed,ink_top,148.654,486.6409
true_airspeed,ink_bottom,149.274,486.0232
true_airspeed,ink_top,149.274,486.6409
true_airspeed,ink_bottom,149.894,486.0232
true_airspeed,ink_top,149.894,486.6409
true_airspeed,ink_bottom,150.514,486.0232
true_airspeed,ink_top,150.514,486.6409
true_airspeed,ink_bottom,151.134,486.0232
true_airspeed,ink_top,151.134,486.6409
true_airspeed,ink_bottom,151.754,486.0232
true_airspeed,ink_top,151.754,486.0232
true_airspeed,ink_bottom,152.374,486.0232
true_airspeed,ink_top,152.374,486.0232
true_airspeed,ink_bottom,152.994,486.0232
true_airspeed,ink_top,152.994,486.0232
true_airspeed,ink_bottom,153.614,485.4054
true_airspeed,ink_top,153.614,486.0232
true_airspeed,ink_bottom,154.234,485.4054
true_airspeed,ink_top,154.234,486.0232
true_airspeed,ink_bottom,154.854,485.4054
true_airspeed,ink_top,154.854,486.0232
true_airspeed,ink_bottom,155.474,485.4054
true_airspeed,ink_top,155.474,486.0232
true_airspeed,ink_bottom,156.094,486.0232
true_airspeed,ink_top,156.094,486.0232
true_airspeed,ink_bottom,156.714,486.0232
true_airspeed,ink_top,156.714,486.6409
true_airspeed,ink_bottom,157.334,486.0232
true_airspeed,ink_top,157.334,486.6409
true_airspeed,ink_bottom,157.954,486.0232
true_airspeed,ink_top,157.954,486.6409
true_airspeed,ink_bottom,158.574,486.0232
true_airspeed,ink_top,158.574,486.6409
true_airspeed,ink_bottom,159.194,486.0232
true_airspeed,ink_top,159.194,486.6409
true_airspeed,ink_bottom,159.814,486.0232
true_airspeed,ink_top,159.814,486.6409
true_airspeed,ink_bottom,160.434,486.0232
true_airspeed,ink_top,160.434,486.6409
true_airspeed,ink_bottom,161.054,486.6409
true_airspeed,ink_top,161.054,486.6409
true_airspeed,ink_bottom,161.674,486.6409
true_airspeed,ink_top,161.674,487.2587
true_airspeed,ink_bottom,162.294,486.6409
true_airspeed,ink_top,162.294,487.2587
true_airspeed,ink_bottom,162.914,486.6409
true_airspeed,ink_top,162.914,487.2587
true_airspeed,ink_bottom,163.534,486.6409
true_airspeed,ink_top,163.534,487.2587
true_airspeed,ink_bottom,164.154,486.6409
true_airspeed,ink_top,164.154,487.2587
true_airspeed,ink_bottom,164.774,486.6409
true_airspeed,ink_top,164.774,487.2587
true_airspeed,ink_bottom,165.394,486.6409
true_airspeed,ink_top,165.394,487.2587
true_airspeed,ink_bottom,166.014,486.6409
true_airspeed,ink_top,166.014,486.6409
true_airspeed,ink_bottom,166.634,486.6409
true_airspeed,ink_top,166.634,486.6409
true_airspeed,ink_bottom,167.254,486.6409
true_airspeed,ink_top,167.254,487.2587
true_airspeed,ink_bottom,167.874,486.6409
true_airspeed,ink_top,167.874,487.2587
true_airspeed,ink_bottom,168.494,487.2587
true_airspeed,ink_top,168.494,487.2587
true_airspeed,ink_bottom,169.114,486.6409
true_airspeed,ink_top,169.114,487.2587
true_airspeed,ink_bottom,169.734,486.6409
true_airspeed,ink_top,169.734,487.2587
true_airspeed,ink_bottom,170.354,486.6409
true_airspeed,ink_top,170.354,487.2587
true_airspeed,ink_bottom,170.974,486.6409
true_airspeed,ink_top,170.974,487.2587
true_airspeed,ink_bottom,171.594,486.6409
true_airspeed,ink_top,171.594,487.2587
true_airspeed,ink_bottom,172.214,486.6409
true_airspeed,ink_top,172.214,487.2587
true_airspeed,ink_bottom,172.834,486.6409
true_airspeed,ink_top,172.834,487.2587
true_airspeed,ink_bottom,173.454,486.6409
true_airspeed,ink_top,173.454,487.2587
true_airspeed,ink_bottom,174.074,486.6409
true_airspeed,ink_top,174.074,487.2587
true_airspeed,ink_bottom,174.694,486.6409
true_airspeed,ink_top,174.694,487.2587
true_airspeed,ink_bottom,175.314,486.6409
true_airspeed,ink_top,175.314,487.2587
true_airspeed,ink_bottom,175.934,486.6409
true_airspeed,ink_top,175.934,487.2587
true_airspeed,ink_bottom,176.554,486.6409
true_airspeed,ink_top,176.554,487.2587
true_airspeed,ink_bottom,177.174,486.6409
true_airspeed,ink_top,177.174,487.2587
true_airspeed,ink_bottom,177.795,486.6409
true_airspeed,ink_top,177.795,487.2587
true_airspeed,ink_bottom,178.415,486.6409
true_airspeed,ink_top,178.415,487.2587
true_airspeed,ink_bottom,179.035,486.6409
true_airspeed,ink_top,179.035,486.6409
true_airspeed,ink_bottom,179.655,486.6409
true_airspeed,ink_top,179.655,486.6409
true_airspeed,ink_bottom,180.275,486.6409
true_airspeed,ink_top,180.275,486.6409
true_airspeed,ink_bottom,180.895,486.6409
true_airspeed,ink_top,180.895,486.6409
true_airspeed,ink_bottom,181.515,486.6409
true_airspeed,ink_top,181.515,486.6409
true_airspeed,ink_bottom,182.135,486.6409
true_airspeed,ink_top,182.135,487.2587
true_airspeed,ink_bottom,182.755,486.6409
true_airspeed,ink_top,182.755,487.2587
true_airspeed,ink_bottom,183.375,487.2587
true_airspeed,ink_top,183.375,487.2587
true_airspeed,ink_bottom,183.995,487.2587
true_airspeed,ink_top,183.995,487.8764
true_airspeed,ink_bottom,184.615,487.2587
true_airspeed,ink_top,184.615,487.8764
true_airspeed,ink_bottom,185.235,487.2587
true_airspeed,ink_top,185.235,487.8764
true_airspeed,ink_bottom,185.855,487.2587
true_airspeed,ink_top,185.855,487.8764
true_airspeed,ink_bottom,186.475,487.8764
true_airspeed,ink_top,186.475,488.4942
true_airspeed,ink_bottom,187.095,487.8764
true_airspeed,ink_top,187.095,488.4942
true_airspeed,ink_bottom,187.715,487.8764
true_airspeed,ink_top,187.715,488.4942
true_airspeed,ink_bottom,188.335,487.8764
true_airspeed,ink_top,188.335,488.4942
true_airspeed,ink_bottom,188.955,488.4942
true_airspeed,ink_top,188.955,489.1120
true_airspeed,ink_bottom,189.575,488.4942
true_airspeed,ink_top,189.575,489.1120
true_airspeed,ink_bottom,190.195,487.8764
true_airspeed,ink_top,190.195,488.4942
true_airspeed,ink_bottom,190.815,487.8764
true_airspeed,ink_top,190.815,488.4942
true_airspeed,ink_bottom,191.435,487.2587
true_airspeed,ink_top,191.435,487.8764
true_airspeed,ink_bottom,192.055,486.6409
true_airspeed,ink_top,192.055,487.2587
true_airspeed,ink_bottom,192.675,486.6409
true_airspeed,ink_top,192.675,487.2587
true_airspeed,ink_bottom,193.295,486.0232
true_airspeed,ink_top,193.295,486.6409
true_airspeed,ink_bottom,193.915,486.0232
true_airspeed,ink_top,193.915,486.6409
true_airspeed,ink_bottom,194.535,486.0232
true_airspeed,ink_top,194.535,486.6409
true_airspeed,ink_bottom,195.155,486.0232
true_airspeed,ink_top,195.155,486.0232
true_airspeed,ink_bottom,195.775,485.4054
true_airspeed,ink_top,195.775,486.0232
true_airspeed,ink_bottom,196.395,485.4054
true_airspeed,ink_top,196.395,486.0232
true_airspeed,ink_bottom,197.015,485.4054
true_airspeed,ink_top,197.015,486.0232
true_airspeed,ink_bottom,197.635,485.4054
true_airspeed,ink_top,197.635,486.0232
true_airspeed,ink_bottom,198.255,484.7876
true_airspeed,ink_top,198.255,486.0232
true_airspeed,ink_bottom,198.875,482.9344
true_airspeed,ink_top,198.875,485.4054
true_airspeed,ink_bottom,199.495,481.6988
true_airspeed,ink_top,199.495,484.1699
true_airspeed,ink_bottom,200.115,481.0811
true_airspeed,ink_top,200.115,482.9344
true_airspeed,ink_bottom,200.735,481.0811
true_airspeed,ink_top,200.735,481.6988
true_airspeed,ink_bottom,201.355,480.4633
true_airspeed,ink_top,201.355,481.0811
true_airspeed,ink_bottom,201.975,479.2278
true_airspeed,ink_top,201.975,481.0811
true_airspeed,ink_bottom,202.595,477.9923
true_airspeed,ink_top,202.595,480.4633
true_airspeed,ink_bottom,203.215,476.1390
true_airspeed,ink_top,203.215,479.2278
true_airspeed,ink_bottom,203.835,474.9035
true_airspeed,ink_top,203.835,477.9923
true_airspeed,ink_bottom,204.455,474.2857
true_airspeed,ink_top,204.455,476.1390
true_airspeed,ink_bottom,205.075,474.2857
true_airspeed,ink_top,205.075,476.1390
true_airspeed,ink_bottom,205.695,474.2857
true_airspeed,ink_top,205.695,477.9923
true_airspeed,ink_bottom,206.315,475.5212
true_airspeed,ink_top,206.315,479.2278
true_airspeed,ink_bottom,206.935,477.3745
true_airspeed,ink_top,206.935,479.2278
true_airspeed,ink_bottom,207.555,477.3745
true_airspeed,ink_top,207.555,479.2278
true_airspeed,ink_bottom,208.175,476.7568
true_airspeed,ink_top,208.175,478.6100
true_airspeed,ink_bottom,208.795,476.7568
true_airspeed,ink_top,208.795,481.0811
true_airspeed,ink_bottom,209.415,477.3745
true_airspeed,ink_top,209.415,483.5521
true_airspeed,ink_bottom,210.035,479.2278
true_airspeed,ink_top,210.035,492.2008
true_airspeed,ink_bottom,210.655,482.9344
true_airspeed,ink_top,210.655,501.4672
true_airspeed,ink_bottom,211.275,485.4054
true_airspeed,ink_top,211.275,506.4093
true_airspeed,ink_bottom,211.895,494.0541
true_airspeed,ink_top,211.895,507.0270
true_airspeed,ink_bottom,212.516,478.6100
true_airspeed,ink_top,212.516,506.4093
true_airspeed,ink_bottom,213.136,472.4324
true_airspeed,ink_top,213.136,503.9382
true_airspeed,ink_bottom,213.756,472.4324
true_airspeed,ink_top,213.756,489.7297
true_airspeed,ink_bottom,214.376,462.5483
true_airspeed,ink_top,214.376,476.7568
true_airspeed,ink_bottom,214.996,455.7529
true_airspeed,ink_top,214.996,476.1390
true_airspeed,ink_bottom,215.616,454.5174
true_airspeed,ink_top,215.616,473.0502
true_airspeed,ink_bottom,216.236,453.2819
true_airspeed,ink_top,216.236,455.7529
true_airspeed,ink_bottom,216.856,451.4286
true_airspeed,ink_top,216.856,453.8996
true_airspeed,ink_bottom,217.476,450.1931
true_airspeed,ink_top,217.476,453.2819
true_airspeed,ink_bottom,218.096,449.5753
true_airspeed,ink_top,218.096,452.0463
true_airspeed,ink_bottom,218.716,448.3398
true_airspeed,ink_top,218.716,450.1931
true_airspeed,ink_bottom,219.336,447.1042
true_airspeed,ink_top,219.336,448.9575
true_airspeed,ink_bottom,219.956,444.6332
true_airspeed,ink_top,219.956,448.3398
true_airspeed,ink_bottom,220.576,440.9266
true_airspeed,ink_top,220.576,447.1042
true_airspeed,ink_bottom,221.196,440.9266
true_airspeed,ink_top,221.196,444.6332
true_airspeed,ink_bottom,221.816,440.9266
true_airspeed,ink_top,221.816,442.7799
true_airspeed,ink_bottom,228.636,440.9266
true_airspeed,ink_top,228.636,441.5444
true_airspeed,ink_bottom,229.256,440.9266
true_airspeed,ink_top,229.256,442.7799
true_airspeed,ink_bottom,229.876,441.5444
true_airspeed,ink_top,229.876,443.3977
true_airspeed,ink_bottom,230.496,442.1622
true_airspeed,ink_top,230.496,443.3977
true_airspeed,ink_bottom,231.116,442.7799
true_airspeed,ink_top,231.116,444.0154
true_airspeed,ink_bottom,231.736,443.3977
true_airspeed,ink_top,231.736,443.3977
true_airspeed,ink_bottom,232.356,443.3977
true_airspeed,ink_top,232.356,444.0154
true_airspeed,ink_bottom,232.976,443.3977
true_airspeed,ink_top,232.976,444.6332
true_airspeed,ink_bottom,233.596,444.0154
true_airspeed,ink_top,233.596,444.6332
true_airspeed,ink_bottom,234.216,444.0154
true_airspeed,ink_top,234.216,444.6332
true_airspeed,ink_bottom,234.836,444.0154
true_airspeed,ink_top,234.836,444.6332
true_airspeed,ink_bottom,235.456,444.0154
true_airspeed,ink_top,235.456,444.6332
true_airspeed,ink_bottom,236.076,444.0154
true_airspeed,ink_top,236.076,445.2510
true_airspeed,ink_bottom,236.696,444.6332
true_airspeed,ink_top,236.696,445.8687
true_airspeed,ink_bottom,237.316,445.2510
true_airspeed,ink_top,237.316,446.4865
true_airspeed,ink_bottom,239.176,448.3398
true_airspeed,ink_top,239.176,448.3398
true_airspeed,ink_bottom,239.796,448.3398
true_airspeed,ink_top,239.796,448.9575
true_airspeed,ink_bottom,240.416,448.3398
true_airspeed,ink_top,240.416,449.5753
true_airspeed,ink_bottom,241.036,448.9575
true_airspeed,ink_top,241.036,450.1931
true_airspeed,ink_bottom,241.656,449.5753
true_airspeed,ink_top,241.656,450.1931
true_airspeed,ink_bottom,242.276,449.5753
true_airspeed,ink_top,242.276,450.8108
true_airspeed,ink_bottom,242.896,450.1931
true_airspeed,ink_top,242.896,452.0463
true_airspeed,ink_bottom,243.516,450.8108
true_airspeed,ink_top,243.516,452.6641
true_airspeed,ink_bottom,244.136,452.0463
true_airspeed,ink_top,244.136,453.2819
true_airspeed,ink_bottom,244.756,452.6641
true_airspeed,ink_top,244.756,453.8996
true_airspeed,ink_bottom,245.376,453.2819
true_airspeed,ink_top,245.376,454.5174
true_airspeed,ink_bottom,245.996,453.8996
true_airspeed,ink_top,245.996,454.5174
true_airspeed,ink_bottom,246.616,453.8996
true_airspeed,ink_top,246.616,455.1351
true_airspeed,ink_bottom,247.236,454.5174
true_airspeed,ink_top,247.236,455.7529
true_airspeed,ink_bottom,247.857,455.1351
true_airspeed,ink_top,247.857,455.7529
true_airspeed,ink_bottom,248.477,455.1351
true_airspeed,ink_top,248.477,455.7529
true_airspeed,ink_bottom,249.097,455.1351
true_airspeed,ink_top,249.097,455.7529
true_airspeed,ink_bottom,249.717,455.1351
true_airspeed,ink_top,249.717,455.7529
true_airspeed,ink_bottom,250.337,455.1351
true_airspeed,ink_top,250.337,456.3707
true_airspeed,ink_bottom,250.957,455.7529
true_airspeed,ink_top,250.957,456.3707
true_airspeed,ink_bottom,251.577,455.7529
true_airspeed,ink_top,251.577,456.3707
true_airspeed,ink_bottom,252.197,455.7529
true_airspeed,ink_top,252.197,456.3707
true_airspeed,ink_bottom,252.817,455.7529
true_airspeed,ink_top,252.817,456.9884
true_airspeed,ink_bottom,253.437,456.3707
true_airspeed,ink_top,253.437,456.9884
true_airspeed,ink_bottom,254.057,456.3707
true_airspeed,ink_top,254.057,457.6062
true_airspeed,ink_bottom,254.677,456.9884
true_airspeed,ink_top,254.677,458.2239
true_airspeed,ink_bottom,255.297,457.6062
true_airspeed,ink_top,255.297,458.2239
true_airspeed,ink_bottom,255.917,458.2239
true_airspeed,ink_top,255.917,458.8417
true_airspeed,ink_bottom,256.537,458.2239
true_airspeed,ink_top,256.537,459.4595
true_airspeed,ink_bottom,257.157,458.8417
true_airspeed,ink_top,257.157,459.4595
true_airspeed,ink_bottom,257.777,458.8417
true_airspeed,ink_top,257.777,460.0772
true_airspeed,ink_bottom,258.397,459.4595
true_airspeed,ink_top,258.397,460.0772
true_airspeed,ink_bottom,259.017,459.4595
true_airspeed,ink_top,259.017,460.0772
true_airspeed,ink_bottom,259.637,459.4595
true_airspeed,ink_top,259.637,460.6950
true_airspeed,ink_bottom,260.257,460.0772
true_airspeed,ink_top,260.257,460.6950
true_airspeed,ink_bottom,260.877,460.0772
true_airspeed,ink_top,260.877,461.3127
true_airspeed,ink_bottom,261.497,460.6950
true_airspeed,ink_top,261.497,461.9305
true_airspeed,ink_bottom,262.117,461.3127
true_airspeed,ink_top,262.117,462.5483
true_airspeed,ink_bottom,262.737,461.9305
true_airspeed,ink_top,262.737,463.1660
true_airspeed,ink_bottom,263.357,462.5483
true_airspeed,ink_top,263.357,463.7838
true_airspeed,ink_bottom,263.977,463.1660
true_airspeed,ink_top,263.977,463.7838
true_airspeed,ink_bottom,264.597,463.1660
true_airspeed,ink_top,264.597,464.4015
true_airspeed,ink_bottom,265.217,463.7838
true_airspeed,ink_top,265.217,464.4015
true_airspeed,ink_bottom,265.837,463.7838
true_airspeed,ink_top,265.837,465.6371
true_airspeed,ink_bottom,266.457,464.4015
true_airspeed,ink_top,266.457,465.6371
true_airspeed,ink_bottom,267.077,465.0193
true_airspeed,ink_top,267.077,466.2548
true_airspeed,ink_bottom,267.697,465.6371
true_airspeed,ink_top,267.697,466.2548
true_airspeed,ink_bottom,268.317,465.6371
true_airspeed,ink_top,268.317,466.2548
true_airspeed,ink_bottom,268.937,465.6371
true_airspeed,ink_top,268.937,465.6371
true_airspeed,ink_bottom,269.557,465.6371
true_airspeed,ink_top,269.557,466.2548
true_airspeed,ink_bottom,270.177,465.6371
true_airspeed,ink_top,270.177,466.2548
true_airspeed,ink_bottom,270.797,465.6371
true_airspeed,ink_top,270.797,466.8726
true_airspeed,ink_bottom,271.417,466.2548
true_airspeed,ink_top,271.417,467.4903
true_airspeed,ink_bottom,272.037,466.8726
true_airspeed,ink_top,272.037,467.4903
true_airspeed,ink_bottom,272.657,466.8726
true_airspeed,ink_top,272.657,468.1081
true_airspeed,ink_bottom,273.277,467.4903
true_airspeed,ink_top,273.277,468.1081
true_airspeed,ink_bottom,273.897,467.4903
true_airspeed,ink_top,273.897,468.1081
true_airspeed,ink_bottom,274.517,467.4903
true_airspeed,ink_top,274.517,468.7259
true_airspeed,ink_bottom,275.137,468.1081
true_airspeed,ink_top,275.137,468.7259
true_airspeed,ink_bottom,275.757,467.4903
true_airspeed,ink_top,275.757,468.1081
true_airspeed,ink_bottom,276.377,467.4903
true_airspeed,ink_top,276.377,468.1081
true_airspeed,ink_bottom,276.997,466.8726
true_airspeed,ink_top,276.997,467.4903
true_airspeed,ink_bottom,277.617,466.8726
true_airspeed,ink_top,277.617,467.4903
true_airspeed,ink_bottom,278.237,466.8726
true_airspeed,ink_top,278.237,467.4903
true_airspeed,ink_bottom,278.857,466.8726
true_airspeed,ink_top,278.857,467.4903
true_airspeed,ink_bottom,279.477,467.4903
true_airspeed,ink_top,279.477,468.1081
true_airspeed,ink_bottom,280.097,467.4903
true_airspeed,ink_top,280.097,469.3436
true_airspeed,ink_bottom,280.717,468.1081
true_airspeed,ink_top,280.717,469.9614
true_airspeed,ink_bottom,281.337,468.7259
true_airspeed,ink_top,281.337,471.1969
true_airspeed,ink_bottom,281.957,469.9614
true_airspeed,ink_top,281.957,472.4324
true_airspeed,ink_bottom,282.578,471.1969
true_airspeed,ink_top,282.578,473.6680
true_airspeed,ink_bottom,283.198,472.4324
true_airspeed,ink_top,283.198,474.2857
true_airspeed,ink_bottom,283.818,473.6680
true_airspeed,ink_top,283.818,474.9035
true_airspeed,ink_bottom,284.438,474.2857
true_airspeed,ink_top,284.438,475.5212
true_airspeed,ink_bottom,285.058,474.9035
true_airspeed,ink_top,285.058,476.1390
true_airspeed,ink_bottom,285.678,475.5212
true_airspeed,ink_top,285.678,476.7568
true_airspeed,ink_bottom,286.298,476.1390
true_airspeed,ink_top,286.298,477.3745
true_airspeed,ink_bottom,286.918,476.1390
true_airspeed,ink_top,286.918,477.3745
true_airspeed,ink_bottom,287.538,476.7568
true_airspeed,ink_top,287.538,477.9923
true_airspeed,ink_bottom,288.158,477.3745
true_airspeed,ink_top,288.158,477.9923
true_airspeed,ink_bottom,288.778,477.3745
true_airspeed,ink_top,288.778,477.9923
true_airspeed,ink_bottom,289.398,477.3745
true_airspeed,ink_top,289.398,477.9923
true_airspeed,ink_bottom,290.018,477.3745
true_airspeed,ink_top,290.018,477.9923
true_airspeed,ink_bottom,290.638,477.3745
true_airspeed,ink_top,290.638,477.3745
true_airspeed,ink_bottom,291.258,477.3745
true_airspeed,ink_top,291.258,477.9923
true_airspeed,ink_bottom,291.878,477.3745
true_airspeed,ink_top,291.878,477.9923
true_airspeed,ink_bottom,292.498,477.3745
true_airspeed,ink_top,292.498,477.9923
true_airspeed,ink_bottom,293.118,477.3745
true_airspeed,ink_top,293.118,477.9923
true_airspeed,ink_bottom,293.738,477.3745
true_airspeed,ink_top,293.738,477.9923
true_airspeed,ink_bottom,294.358,477.3745
true_airspeed,ink_top,294.358,477.9923
true_airspeed,ink_bottom,294.978,477.3745
true_airspeed,ink_top,294.978,477.9923
true_airspeed,ink_bottom,295.598,477.3745
true_airspeed,ink_top,295.598,477.9923
true_airspeed,ink_bottom,296.218,477.9923
true_airspeed,ink_top,296.218,478.6100
true_airspeed,ink_bottom,296.838,477.9923
true_airspeed,ink_top,296.838,479.2278
true_airspeed,ink_bottom,297.458,478.6100
true_airspeed,ink_top,297.458,479.2278
true_airspeed,ink_bottom,298.078,478.6100
true_airspeed,ink_top,298.078,479.2278
true_airspeed,ink_bottom,298.698,479.2278
true_airspeed,ink_top,298.698,479.2278
altitude,barometric,2.084,37009.8191
altitude,barometric,2.705,37009.8191
altitude,barometric,3.326,37008.2687
altitude,barometric,3.947,37009.8191
altitude,barometric,4.568,37011.3695
altitude,barometric,5.188,37009.8191
altitude,barometric,5.809,37009.8191
altitude,barometric,6.430,37008.2687
altitude,barometric,7.051,37008.2687
altitude,barometric,7.672,37008.2687
altitude,barometric,8.293,37008.2687
altitude,barometric,8.914,37008.2687
altitude,barometric,9.534,37008.2687
altitude,barometric,10.155,37008.2687
altitude,barometric,10.776,37008.2687
altitude,barometric,11.397,37008.2687
altitude,barometric,12.018,37005.1680
altitude,barometric,12.639,37005.1680
altitude,barometric,13.259,37005.1680
altitude,barometric,13.880,37005.1680
altitude,barometric,14.501,37005.1680
altitude,barometric,15.122,37005.1680
altitude,barometric,15.743,37005.1680
altitude,barometric,16.364,37005.1680
altitude,barometric,16.984,37005.1680
altitude,barometric,17.605,37005.1680
altitude,barometric,18.226,37003.6176
altitude,barometric,18.847,37003.6176
altitude,barometric,19.468,37003.6176
altitude,barometric,20.089,37003.6176
altitude,barometric,20.710,37003.6176
altitude,barometric,21.330,37003.6176
altitude,barometric,21.951,37005.1680
altitude,barometric,22.572,37005.1680
altitude,barometric,23.193,37005.1680
altitude,barometric,23.814,37005.1680
altitude,barometric,24.435,37005.1680
altitude,barometric,25.055,37005.1680
altitude,barometric,25.676,37005.1680
altitude,barometric,26.297,37005.1680
altitude,barometric,26.918,37005.1680
altitude,barometric,27.539,37006.7183
altitude,barometric,28.160,37008.2687
altitude,barometric,28.780,37009.8191
altitude,barometric,29.401,37009.8191
altitude,barometric,30.022,37009.8191
altitude,barometric,30.643,37011.3695
altitude,barometric,31.264,37011.3695
altitude,barometric,31.885,37014.4703
altitude,barometric,32.506,37012.9199
altitude,barometric,33.126,37014.4703
altitude,barometric,33.747,37014.4703
altitude,barometric,34.368,37017.5711
altitude,barometric,34.989,37017.5711
altitude,barometric,35.610,37017.5711
altitude,barometric,36.231,37017.5711
altitude,barometric,36.851,37017.5711
altitude,barometric,37.472,37019.1214
altitude,barometric,38.093,37017.5711
altitude,barometric,38.714,37017.5711
altitude,barometric,39.335,37017.5711
altitude,barometric,39.956,37017.5711
altitude,barometric,40.576,37017.5711
altitude,barometric,41.197,37020.6718
altitude,barometric,41.818,37020.6718
altitude,barometric,42.439,37020.6718
altitude,barometric,43.060,37020.6718
altitude,barometric,43.681,37020.6718
altitude,barometric,44.302,37022.2222
altitude,barometric,44.922,37023.7726
altitude,barometric,45.543,37023.7726
altitude,barometric,46.164,37022.2222
altitude,barometric,46.785,37022.2222
altitude,barometric,47.406,37022.2222
altitude,barometric,48.027,37020.6718
altitude,barometric,48.647,37020.6718
altitude,barometric,49.268,37017.5711
altitude,barometric,49.889,37016.0207
altitude,barometric,50.510,37014.4703
altitude,barometric,51.131,37012.9199
altitude,barometric,51.752,37011.3695
altitude,barometric,52.373,37011.3695
altitude,barometric,52.993,37011.3695
altitude,barometric,53.614,37011.3695
altitude,barometric,54.235,37011.3695
altitude,barometric,54.856,37011.3695
altitude,barometric,55.477,37011.3695
altitude,barometric,56.098,37012.9199
altitude,barometric,56.718,37011.3695
altitude,barometric,57.339,37011.3695
altitude,barometric,57.960,37009.8191
altitude,barometric_on_axis,58.581,37000.5168
altitude,barometric_on_axis,59.202,37000.5168
altitude,barometric_on_axis,59.823,37000.5168
altitude,barometric_on_axis,60.443,37000.5168
altitude,barometric_on_axis,61.064,37000.5168
altitude,barometric_on_axis,61.685,37000.5168
altitude,barometric,62.306,36997.4160
altitude,barometric,62.927,36997.4160
altitude,barometric,63.548,36997.4160
altitude,barometric,64.169,36997.4160
altitude,barometric,64.789,36997.4160
altitude,barometric,65.410,36997.4160
altitude,barometric,66.031,36995.8656
altitude,barometric,66.652,36995.8656
altitude,barometric,67.273,36995.8656
altitude,barometric,67.894,36995.8656
altitude,barometric,68.514,36995.8656
altitude,barometric,69.135,36995.8656
altitude,barometric,69.756,36995.8656
altitude,barometric,70.377,36994.3152
altitude,barometric,70.998,36994.3152
altitude,barometric,71.619,36995.8656
altitude,barometric,72.239,36995.8656
altitude,barometric,72.860,36994.3152
altitude,barometric,73.481,36995.8656
altitude,barometric,74.102,36995.8656
altitude,barometric,74.723,36995.8656
altitude,barometric,75.344,36997.4160
altitude,barometric,75.965,36997.4160
altitude,barometric,76.585,37003.6176
altitude,barometric,77.206,37003.6176
altitude,barometric,77.827,37005.1680
altitude,barometric,78.448,37005.1680
altitude,barometric,79.069,37006.7183
altitude,barometric,79.690,37006.7183
altitude,barometric,80.310,37006.7183
altitude,barometric,80.931,37008.2687
altitude,barometric,81.552,37008.2687
altitude,barometric,82.173,37008.2687
altitude,barometric,82.794,37008.2687
altitude,barometric,83.415,37011.3695
altitude,barometric,84.035,37014.4703
altitude,barometric,84.656,37017.5711
altitude,barometric,85.277,37020.6718
altitude,barometric,85.898,37022.2222
altitude,barometric,86.519,37023.7726
altitude,barometric,87.140,37026.8734
altitude,barometric,87.761,37026.8734
altitude,barometric,88.381,37028.4238
altitude,barometric,89.002,37028.4238
altitude,barometric,89.623,37028.4238
altitude,barometric,90.244,37028.4238
altitude,barometric,90.865,37028.4238
altitude,barometric,91.486,37028.4238
altitude,barometric,92.106,37029.9742
altitude,barometric,92.727,37029.9742
altitude,barometric,93.348,37029.9742
altitude,barometric,93.969,37029.9742
altitude,barometric,94.590,37029.9742
altitude,barometric,95.211,37029.9742
altitude,barometric,95.831,37031.5245
altitude,barometric,96.452,37033.0749
altitude,barometric,97.073,37033.0749
altitude,barometric,97.694,37033.0749
altitude,barometric,98.315,37033.0749
altitude,barometric,98.936,37033.0749
altitude,barometric,99.557,37033.0749
altitude,barometric,100.177,37033.0749
altitude,barometric,100.798,37033.0749
altitude,barometric,101.419,37033.0749
altitude,barometric,102.040,37033.0749
altitude,barometric,102.661,37033.0749
altitude,barometric,103.282,37033.0749
altitude,barometric,103.902,37033.0749
altitude,barometric,104.523,37033.0749
altitude,barometric,105.144,37033.0749
altitude,barometric,105.765,37034.6253
altitude,barometric,106.386,37034.6253
altitude,barometric,107.007,37033.0749
altitude,barometric,107.627,37033.0749
altitude,barometric,108.248,37033.0749
altitude,barometric,108.869,37033.0749
altitude,barometric,109.490,37034.6253
altitude,barometric,110.111,37033.0749
altitude,barometric,110.732,37033.0749
altitude,barometric,111.353,37033.0749
altitude,barometric,111.973,37033.0749
altitude,barometric,112.594,37033.0749
altitude,barometric,113.215,37033.0749
altitude,barometric,113.836,37033.0749
altitude,barometric,114.457,37034.6253
altitude,barometric,115.078,37036.1757
altitude,barometric,115.698,37036.1757
altitude,barometric,116.319,37036.1757
altitude,barometric,116.940,37039.2765
altitude,barometric,117.561,37039.2765
altitude,barometric,118.182,37040.8269
altitude,barometric,118.803,37040.8269
altitude,barometric,119.424,37039.2765
altitude,barometric,120.044,37039.2765
altitude,barometric,120.665,37039.2765
altitude,barometric,121.286,37036.1757
altitude,barometric,121.907,37036.1757
altitude,barometric,122.528,37036.1757
altitude,barometric,123.149,37036.1757
altitude,barometric,123.769,37036.1757
altitude,barometric,124.390,37036.1757
altitude,barometric,125.011,37036.1757
altitude,barometric,125.632,37036.1757
altitude,barometric,126.253,37036.1757
altitude,barometric,126.874,37036.1757
altitude,barometric,127.494,37037.7261
altitude,barometric,128.115,37037.7261
altitude,barometric,128.736,37037.7261
altitude,barometric,129.357,37039.2765
altitude,barometric,129.978,37039.2765
altitude,barometric,130.599,37042.3773
altitude,barometric,131.220,37042.3773
altitude,barometric,131.840,37042.3773
altitude,barometric,132.461,37042.3773
altitude,barometric,133.082,37040.8269
altitude,barometric,133.703,37039.2765
altitude,barometric,134.324,37039.2765
altitude,barometric,134.945,37039.2765
altitude,barometric,135.565,37037.7261
altitude,barometric,136.186,37037.7261
altitude,barometric,136.807,37036.1757
altitude,barometric,137.428,37036.1757
altitude,barometric,138.049,37036.1757
altitude,barometric,138.670,37036.1757
altitude,barometric,139.290,37036.1757
altitude,barometric,139.911,37036.1757
altitude,barometric,140.532,37036.1757
altitude,barometric,141.153,37036.1757
altitude,barometric,141.774,37034.6253
altitude,barometric,142.395,37034.6253
altitude,barometric,143.016,37033.0749
altitude,barometric,143.636,37033.0749
altitude,barometric,144.257,37033.0749
altitude,barometric,144.878,37033.0749
altitude,barometric,145.499,37031.5245
altitude,barometric,146.120,37029.9742
altitude,barometric,146.741,37029.9742
altitude,barometric,147.361,37029.9742
altitude,barometric,147.982,37026.8734
altitude,barometric,148.603,37026.8734
altitude,barometric,149.224,37025.3230
altitude,barometric,149.845,37023.7726
altitude,barometric,150.466,37022.2222
altitude,barometric,151.086,37020.6718
altitude,barometric,151.707,37020.6718
altitude,barometric,152.328,37020.6718
altitude,barometric,152.949,37019.1214
altitude,barometric,153.570,37019.1214
altitude,barometric,154.191,37017.5711
altitude,barometric,154.812,37017.5711
altitude,barometric,155.432,37017.5711
altitude,barometric,156.053,37016.0207
altitude,barometric,156.674,37014.4703
altitude,barometric,157.295,37014.4703
altitude,barometric,157.916,37014.4703
altitude,barometric,158.537,37014.4703
altitude,barometric,159.157,37012.9199
altitude,barometric,159.778,37011.3695
altitude,barometric,160.399,37011.3695
altitude,barometric,161.020,37011.3695
altitude,barometric,161.641,37011.3695
altitude,barometric,162.262,37011.3695
altitude,barometric,162.882,37009.8191
altitude,barometric,163.503,37009.8191
altitude,barometric,164.124,37008.2687
altitude,barometric,164.745,37008.2687
altitude,barometric,165.366,37008.2687
altitude,barometric,165.987,37006.7183
altitude,barometric,166.608,37005.1680
altitude,barometric,167.228,37005.1680
altitude,barometric,167.849,37005.1680
altitude,barometric,168.470,37005.1680
altitude,barometric,169.091,37005.1680
altitude,barometric,169.712,37006.7183
altitude,barometric,170.333,37008.2687
altitude,barometric,170.953,37011.3695
altitude,barometric,171.574,37011.3695
altitude,barometric,172.195,37014.4703
altitude,barometric,172.816,37014.4703
altitude,barometric,173.437,37014.4703
altitude,barometric,174.058,37014.4703
altitude,barometric,174.678,37014.4703
altitude,barometric,175.299,37014.4703
altitude,barometric,175.920,37014.4703
altitude,barometric,176.541,37011.3695
altitude,barometric,177.162,37011.3695
altitude,barometric,177.783,37008.7855
altitude,barometric,178.404,37011.3695
altitude,barometric_on_axis,179.024,37000.5168
altitude,barometric_on_axis,179.645,37000.5168
altitude,barometric_on_axis,180.266,37000.5168
altitude,barometric_on_axis,180.887,37000.5168
altitude,barometric_on_axis,181.508,37000.5168
altitude,barometric,182.129,37008.2687
altitude,barometric,182.749,37008.2687
altitude,barometric,183.370,37009.8191
altitude,barometric,183.991,37011.3695
altitude,barometric,184.612,37011.3695
altitude,barometric,185.233,37011.3695
altitude,barometric,185.854,37012.9199
altitude,barometric,186.475,37016.0207
altitude,barometric,187.095,37019.1214
altitude,barometric,187.716,37022.2222
altitude,barometric,188.337,37026.8734
altitude,barometric,188.958,37031.5245
altitude,barometric,189.579,37034.6253
altitude,barometric,190.200,37039.2765
altitude,barometric,190.820,37040.8269
altitude,barometric,191.441,37043.9276
altitude,barometric,192.062,37047.0284
altitude,barometric,192.683,37050.1292
altitude,barometric,193.304,37054.7804
altitude,barometric,193.925,37057.8811
altitude,barometric,194.545,37060.9819
altitude,barometric,195.166,37064.0827
altitude,barometric,195.787,37067.1835
altitude,barometric,196.408,37070.2842
altitude,barometric,197.029,37073.3850
altitude,barometric,197.650,37074.9354
altitude,barometric,198.271,37078.0362
altitude,barometric,198.891,37078.0362
altitude,barometric,199.512,37078.0362
altitude,barometric,200.133,37076.4858
altitude,barometric,200.754,37074.9354
altitude,barometric,201.375,37071.8346
altitude,barometric,201.996,37064.0827
altitude,barometric,202.616,37058.1026
altitude,barometric,203.237,37057.1059
altitude,barometric,203.858,37058.5456
altitude,barometric,204.479,37059.4315
altitude,barometric,205.100,37054.7804
altitude,barometric,205.721,37053.2300
altitude,barometric,206.341,37067.7003
altitude,barometric,206.962,37113.6951
altitude,barometric,207.583,37146.2532
altitude,barometric,208.204,37168.7339
altitude,barometric,208.825,37133.5828
altitude,barometric,209.446,37095.0904
altitude,barometric,210.067,37065.6331
altitude,barometric,210.687,37065.6331
altitude,barometric,211.308,37105.9432
altitude,barometric,211.929,37135.4005
altitude,barometric,212.550,37161.7571
altitude,barometric,213.171,37172.6098
altitude,barometric,213.792,37166.4083
altitude,barometric,214.412,37152.4548
altitude,barometric,215.033,37143.1525
altitude,barometric,215.654,37144.7028
altitude,barometric,216.275,37146.2532
altitude,barometric,216.896,37138.5013
altitude,barometric,217.517,37144.7028
altitude,barometric,218.137,37144.7028
altitude,barometric,219.379,37157.1059
altitude,barometric,220.000,37171.0594
altitude,barometric,220.621,37186.5633
altitude,barometric,221.242,37203.6176
altitude,barometric,221.863,37233.0749
altitude,barometric,222.483,37241.0484
altitude,barometric,223.104,37242.1949
altitude,barometric,223.725,37279.5866
altitude,barometric,224.346,37281.1370
altitude,barometric,224.967,37291.9897
altitude,barometric,225.588,37302.8424
altitude,barometric,226.208,37303.4387
altitude,barometric,226.829,37302.8424
altitude,barometric,227.450,37310.5943
altitude,barometric,228.071,37310.5943
altitude,barometric,228.692,37322.9974
altitude,barometric,229.313,37338.5013
altitude,barometric,229.933,37350.9044
altitude,barometric,230.554,37361.7571
altitude,barometric,231.175,37364.8579
altitude,barometric,231.796,37375.7106
altitude,barometric,232.417,37383.4625
altitude,barometric,233.038,37400.5168
altitude,barometric,233.659,37411.3695
altitude,barometric,234.279,37419.1214
altitude,barometric,234.900,37426.8734
altitude,barometric,235.521,37436.1757
altitude,barometric,236.142,37436.1757
altitude,barometric,236.763,37426.8734
altitude,barometric,237.384,37425.3230
altitude,barometric,238.004,37426.8734
altitude,barometric,238.625,37433.0749
altitude,barometric,239.246,37433.0749
altitude,barometric,239.867,37429.9742
altitude,barometric,240.488,37406.7183
altitude,barometric,241.109,37392.7649
altitude,barometric,241.729,37385.0129
altitude,barometric,242.350,37380.3618
altitude,barometric,242.971,37374.1602
altitude,barometric,243.592,37363.3075
altitude,barometric,244.213,37355.5556
altitude,barometric,244.834,37347.8036
altitude,barometric,245.455,37344.7028
altitude,barometric,246.075,37341.6021
altitude,barometric,246.696,37338.5013
altitude,barometric,247.317,37330.7494
altitude,barometric,247.938,37322.9974
altitude,barometric,248.559,37319.8966
altitude,barometric,249.800,37291.9897
altitude,barometric,250.421,37281.1370
altitude,barometric,251.042,37268.7339
altitude,barometric,251.663,37259.4315
altitude,barometric,252.284,37251.6796
altitude,barometric,252.905,37243.9276
altitude,barometric,253.525,37234.6253
altitude,barometric,254.146,37226.8734
altitude,barometric,254.767,37219.1214
altitude,barometric,255.388,37214.4703
altitude,barometric,256.009,37211.3695
altitude,barometric,256.630,37208.2687
altitude,barometric,257.251,37203.6176
altitude,barometric,257.871,37197.4160
altitude,barometric,258.492,37185.0129
altitude,barometric,259.113,37174.1602
altitude,barometric,259.734,37164.8579
altitude,barometric,260.355,37157.1059
altitude,barometric,260.976,37149.3540
altitude,barometric,261.596,37143.1525
altitude,barometric,262.217,37140.0517
altitude,barometric,262.838,37135.4005
altitude,barometric,263.459,37129.1990
altitude,barometric,264.080,37122.9974
altitude,barometric,264.701,37119.8966
altitude,barometric,265.322,37115.2455
altitude,barometric,265.942,37110.5943
altitude,barometric,266.563,37102.8424
altitude,barometric,267.184,37089.5533
altitude,barometric,267.805,37082.6873
altitude,barometric,268.426,37070.2842
altitude,barometric,269.047,37060.9819
altitude,barometric,269.667,37053.2300
altitude,barometric,270.288,37043.9276
altitude,barometric,270.909,37037.7261
altitude,barometric,271.530,37031.5245
altitude,barometric,272.151,37026.8734
altitude,barometric,272.772,37023.7726
altitude,barometric,273.392,37014.7804
altitude,barometric,274.013,37011.3695
altitude,barometric,274.634,37004.3928
altitude,barometric,275.255,36996.6408
altitude,barometric,275.876,36991.2145
altitude,barometric,276.497,36985.0129
altitude,barometric,277.118,36981.9121
altitude,barometric,277.738,36978.8114
altitude,barometric,278.359,36975.7106
altitude,barometric,278.980,36974.1602
altitude,barometric,279.601,36974.1602
altitude,barometric,280.222,36972.6098
altitude,barometric,280.843,36972.6098
altitude,barometric,281.463,36969.5090
altitude,barometric,282.084,36967.9587
altitude,barometric,282.705,36964.8579
altitude,barometric,283.326,36964.8579
altitude,barometric,283.947,36961.7571
altitude,barometric,284.568,36961.7571
altitude,barometric,285.188,36964.8579
altitude,barometric,285.809,36966.4083
altitude,barometric,286.430,36969.5090
altitude,barometric,287.051,36974.1602
altitude,barometric,287.672,36980.3618
altitude,barometric,288.293,36985.0129
altitude,barometric,288.914,36989.6641
altitude,barometric,289.534,36989.6641
altitude,barometric,290.155,36992.7649
altitude,barometric,290.776,36992.7649
altitude,barometric,291.397,36994.3152
altitude,barometric,292.018,36995.8656
altitude,barometric,292.639,36995.8656
altitude,barometric,293.259,36997.4160
altitude,barometric,293.880,36997.4160
altitude,barometric,294.501,36997.4160
altitude,inertial_estimate,203.858,37033.0749
altitude,inertial_estimate,204.479,37028.4238
altitude,inertial_estimate,205.100,37024.2894
altitude,inertial_estimate,205.721,37011.6796
altitude,inertial_estimate,206.341,37008.2687
altitude,inertial_estimate,206.962,37006.7183
altitude,inertial_estimate,207.583,37000.5168
altitude,inertial_estimate,208.204,36992.7649
altitude,inertial_estimate,208.825,36989.6641
altitude,inertial_estimate,209.446,36981.3953
altitude,inertial_estimate,210.067,36973.3850
altitude,inertial_estimate,210.687,36969.5090
altitude,inertial_estimate,211.308,36967.9587
altitude,inertial_estimate,211.929,36986.5633
altitude,inertial_estimate,212.550,36990.6977
altitude,inertial_estimate,213.171,36994.3152
altitude,inertial_estimate,213.792,37005.1680
altitude,inertial_estimate,214.412,37005.1680
altitude,inertial_estimate,215.033,37005.1680
altitude,inertial_estimate,215.654,37013.5401
altitude,inertial_estimate,216.275,37019.1214
altitude,inertial_estimate,216.896,37025.3230
altitude,inertial_estimate,217.517,37067.0425
altitude,inertial_estimate,218.137,37077.7977
altitude,inertial_estimate,218.758,37086.0982
altitude,inertial_estimate,219.379,37096.6408
altitude,inertial_estimate,220.000,37106.9767
altitude,inertial_estimate,220.621,37113.6951
altitude,inertial_estimate,221.242,37127.6486
altitude,inertial_estimate,221.863,37133.8501
altitude,inertial_estimate,223.104,37211.3695
altitude,inertial_estimate,223.725,37221.7054
altitude,inertial_estimate,224.346,37241.9343
altitude,inertial_estimate,224.967,37254.3374
altitude,inertial_estimate,225.588,37260.9819
altitude,inertial_estimate,226.208,37264.0827
